Module Family,Scope,Block Type,Descriptor,Production Status,Light Module Label,Light Module Path,Dark Module Label,Dark Module Path,Editable Status,Field Count,Field Summary,Module Role,Default Use,Allowed Email Families,Allowed Implementation Surfaces,Required Data Inputs,Fallback Behavior,Compliance Sensitivity,Brand Status,Source Section,Canonical Status,Related Emails,Notes
CORE - Text - Base type guidance,CORE,Text,Base type guidance,Active module family,CORE - Text - Base type guidance - Light,email_modules/core/base_type_guidance.module,CORE - Text - Base type guidance - Dark,email_modules/core/base_type_guidance_dark.module,Editable,2.0,Content Context (choice); Fallback CTA URL (when base preference unknown) (url),,,All email families,HubSpot Design Manager email_modules,,,,"Active module palette/logos, per module cleanup inventory",HubSpot Email Modules plugin inventory,Canonical active module,,Light and Dark are presentation modes for the same active module family. No deleted ecommerce mockup modules or legacy prefix mapping.
CORE - Text - Customer snapshot,CORE,Text,Customer snapshot,Active module family,CORE - Text - Customer snapshot - Light,email_modules/core/customer_snapshot.module,CORE - Text - Customer snapshot - Dark,email_modules/core/customer_snapshot_dark.module,Editable,3.0,Content Context (choice); CTA URL (url); CTA Label (text),,,All email families,HubSpot Design Manager email_modules,,,,"Active module palette/logos, per module cleanup inventory",HubSpot Email Modules plugin inventory,Canonical active module,,Light and Dark are presentation modes for the same active module family. No deleted ecommerce mockup modules or legacy prefix mapping.
CORE - Footer - Standard,CORE,Footer,Standard,Active module family,CORE - Footer - Standard - Light,email_modules/core/email_footer.module,CORE - Footer - Standard - Dark,email_modules/core/email_footer_dark.module,Editable,6.0,Company name (text); Company address (text); Instagram URL (url); Facebook URL (url); YouTube URL (url); Privacy URL (url),,,All email families,HubSpot Design Manager email_modules,,,,"Active module palette/logos, per module cleanup inventory",HubSpot Email Modules plugin inventory,Canonical active module,,Light and Dark are presentation modes for the same active module family. No deleted ecommerce mockup modules or legacy prefix mapping.
CORE - Header - Centered logo,CORE,Header,Centered logo,Active module family,CORE - Header - Centered logo - Light,email_modules/core/email_header.module,CORE - Header - Centered logo - Dark,email_modules/core/email_header_dark.module,Editable,2.0,Logo Image (image); Logo URL (optional) (url),,,All email families,HubSpot Design Manager email_modules,,,,"Active module palette/logos, per module cleanup inventory",HubSpot Email Modules plugin inventory,Canonical active module,,Light and Dark are presentation modes for the same active module family. No deleted ecommerce mockup modules or legacy prefix mapping.
CORE - Products - Goal-based recommendation,CORE,Products,Goal-based recommendation,Active module family,CORE - Products - Goal-based recommendation - Light,email_modules/core/goal_based_recommendation.module,CORE - Products - Goal-based recommendation - Dark,email_modules/core/goal_based_recommendation_dark.module,Editable,2.0,Section Heading (text); Fallback Body (no goal set) (richtext),,,All email families,HubSpot Design Manager email_modules,,,,"Active module palette/logos, per module cleanup inventory",HubSpot Email Modules plugin inventory,Canonical active module,,Light and Dark are presentation modes for the same active module family. No deleted ecommerce mockup modules or legacy prefix mapping.
CORE - Text - Lifespan next step,CORE,Text,Lifespan next step,Active module family,CORE - Text - Lifespan next step - Light,email_modules/core/lifespan_next_step.module,CORE - Text - Lifespan next step - Dark,email_modules/core/lifespan_next_step_dark.module,Editable,2.0,Reorder CTA URL (url); Upgrade/Consultation CTA URL (url),,,All email families,HubSpot Design Manager email_modules,,,,"Active module palette/logos, per module cleanup inventory",HubSpot Email Modules plugin inventory,Canonical active module,,Light and Dark are presentation modes for the same active module family. No deleted ecommerce mockup modules or legacy prefix mapping.
Launch - Text - Belief list,Launch,Text,Belief list,Active module family,Launch - Text - Belief list - Light,email_modules/launch/launch_belief_list.module,Launch - Text - Belief list - Dark,email_modules/launch/launch_belief_list_dark.module,Editable,7.0,Eyebrow (text); Heading (text); Body (richtext); Point 1 (text); Point 2 (text); Point 3 (text); Point 4 (text),,,Launch,HubSpot Design Manager email_modules,,,,"Active module palette/logos, per module cleanup inventory",HubSpot Email Modules plugin inventory,Canonical active module,,Light and Dark are presentation modes for the same active module family. No deleted ecommerce mockup modules or legacy prefix mapping.
Launch - Text - Five changes,Launch,Text,Five changes,Active module family,Launch - Text - Five changes - Light,email_modules/launch/launch_feature_list_5.module,Launch - Text - Five changes - Dark,email_modules/launch/launch_feature_list_5_dark.module,Editable,13.0,Eyebrow (text); Heading (text); Intro (richtext); Item 1 title (text); Item 1 text (richtext); Item 2 title (text); Item 2 text (richtext); Item 3 title (text); Item 3 text (richtext); Item 4 title (text); Item 4 text (richtext); Item 5 title (text); Item 5 text (richtext),,,Launch,HubSpot Design Manager email_modules,,,,"Active module palette/logos, per module cleanup inventory",HubSpot Email Modules plugin inventory,Canonical active module,,Light and Dark are presentation modes for the same active module family. No deleted ecommerce mockup modules or legacy prefix mapping.
Launch - Text - Founder pillars,Launch,Text,Founder pillars,Active module family,Launch - Text - Founder pillars - Light,email_modules/launch/launch_founder_pillars.module,Launch - Text - Founder pillars - Dark,email_modules/launch/launch_founder_pillars_dark.module,Editable,9.0,Eyebrow (text); Heading (text); Body (richtext); Pillar 1 (text); Pillar 2 (text); Pillar 3 (text); Pillar 4 (text); Name (text); Role / title (text),,,Launch,HubSpot Design Manager email_modules,,,,"Active module palette/logos, per module cleanup inventory",HubSpot Email Modules plugin inventory,Canonical active module,,Light and Dark are presentation modes for the same active module family. No deleted ecommerce mockup modules or legacy prefix mapping.
Launch - Products - Three product grid,Launch,Products,Three product grid,Active module family,Launch - Products - Three product grid - Light,email_modules/launch/launch_product_grid3.module,Launch - Products - Three product grid - Dark,email_modules/launch/launch_product_grid3_dark.module,Editable,12.0,Eyebrow (text); Heading (text); Body (richtext); Product 1 image (image); Product 1 title (text); Product 1 text (richtext); Product 2 image (image); Product 2 title (text); Product 2 text (richtext); Product 3 image (image); Product 3 title (text); Product 3 text (richtext),,,Launch,HubSpot Design Manager email_modules,,,,"Active module palette/logos, per module cleanup inventory",HubSpot Email Modules plugin inventory,Canonical active module,,Light and Dark are presentation modes for the same active module family. No deleted ecommerce mockup modules or legacy prefix mapping.
Launch - Text - Question list,Launch,Text,Question list,Active module family,Launch - Text - Question list - Light,email_modules/launch/launch_question_list.module,Launch - Text - Question list - Dark,email_modules/launch/launch_question_list_dark.module,Editable,10.0,Eyebrow (text); Heading (text); Body (richtext); Question 1 (text); Question 2 (text); Question 3 (text); Question 4 (text); Question 5 (text); Question 6 (text); Closing text (richtext),,,Launch,HubSpot Design Manager email_modules,,,,"Active module palette/logos, per module cleanup inventory",HubSpot Email Modules plugin inventory,Canonical active module,,Light and Dark are presentation modes for the same active module family. No deleted ecommerce mockup modules or legacy prefix mapping.
Launch - Image - Logo system,Launch,Image,Logo system,Active module family,Launch - Image - Logo system - Light,email_modules/launch/launch_wordmark_pair.module,Launch - Image - Logo system - Dark,email_modules/launch/launch_wordmark_pair_dark.module,Editable,6.0,Left label (text); Left logo/image (image); Left caption (text); Right label (text); Right logo/image (image); Right caption (text),,,Launch,HubSpot Design Manager email_modules,,,,"Active module palette/logos, per module cleanup inventory",HubSpot Email Modules plugin inventory,Canonical active module,,Light and Dark are presentation modes for the same active module family. No deleted ecommerce mockup modules or legacy prefix mapping.
Newsletter - Button - Primary CTA,Newsletter,Button,Primary CTA,Active module family,Newsletter - Button - Primary CTA - Light,email_modules/newsletter/newsletter_cta_light.module,Newsletter - Button - Primary CTA - Dark,email_modules/newsletter/newsletter_cta_dark.module,Editable,4.0,Headline (text); Body (richtext); Button Text (text); Button URL (url),,,Newsletter,HubSpot Design Manager email_modules,,,,"Active module palette/logos, per module cleanup inventory",HubSpot Email Modules plugin inventory,Canonical active module,,Light and Dark are presentation modes for the same active module family. No deleted ecommerce mockup modules or legacy prefix mapping.
Newsletter - Image - Feature story,Newsletter,Image,Feature story,Active module family,Newsletter - Image - Feature story - Light,email_modules/newsletter/newsletter_feature_light.module,Newsletter - Image - Feature story - Dark,email_modules/newsletter/newsletter_feature_dark.module,Editable,6.0,Hero Image (image); Eyebrow (text); Headline (text); Body (richtext); Button Text (text); Button URL (url),,,Newsletter,HubSpot Design Manager email_modules,,,,"Active module palette/logos, per module cleanup inventory",HubSpot Email Modules plugin inventory,Canonical active module,,Light and Dark are presentation modes for the same active module family. No deleted ecommerce mockup modules or legacy prefix mapping.
Newsletter - Footer - Standard,Newsletter,Footer,Standard,Active module family,Newsletter - Footer - Standard - Light,email_modules/newsletter/newsletter_footer_light.module,Newsletter - Footer - Standard - Dark,email_modules/newsletter/newsletter_footer_dark.module,Editable,4.0,Logo Image (image); Instagram URL (url); Facebook URL (url); YouTube URL (url),,,Newsletter,HubSpot Design Manager email_modules,,,,"Active module palette/logos, per module cleanup inventory",HubSpot Email Modules plugin inventory,Canonical active module,,Light and Dark are presentation modes for the same active module family. No deleted ecommerce mockup modules or legacy prefix mapping.
Newsletter - Text - Masthead,Newsletter,Text,Masthead,Active module family,Newsletter - Text - Masthead - Light,email_modules/newsletter/newsletter_masthead_light.module,Newsletter - Text - Masthead - Dark,email_modules/newsletter/newsletter_masthead_dark.module,Editable,3.0,Eyebrow (text); Title (text); Issue / Date (text),,,Newsletter,HubSpot Design Manager email_modules,,,,"Active module palette/logos, per module cleanup inventory",HubSpot Email Modules plugin inventory,Canonical active module,,Light and Dark are presentation modes for the same active module family. No deleted ecommerce mockup modules or legacy prefix mapping.
Newsletter - Text - Pull quote,Newsletter,Text,Pull quote,Active module family,Newsletter - Text - Pull quote - Light,email_modules/newsletter/newsletter_pullquote_light.module,Newsletter - Text - Pull quote - Dark,email_modules/newsletter/newsletter_pullquote_dark.module,Editable,2.0,Quote (text); Attribution (text),,,Newsletter,HubSpot Design Manager email_modules,,,,"Active module palette/logos, per module cleanup inventory",HubSpot Email Modules plugin inventory,Canonical active module,,Light and Dark are presentation modes for the same active module family. No deleted ecommerce mockup modules or legacy prefix mapping.
Newsletter - Two-column - Image and text,Newsletter,Two-column,Image and text,Active module family,Newsletter - Two-column - Image and text - Light,email_modules/newsletter/newsletter_two_column_light.module,Newsletter - Two-column - Image and text - Dark,email_modules/newsletter/newsletter_two_column_dark.module,Editable,8.0,Card 1 Image (image); Card 1 Eyebrow (text); Card 1 Headline (text); Card 1 Text (text); Card 2 Image (image); Card 2 Eyebrow (text); Card 2 Headline (text); Card 2 Text (text),,,Newsletter,HubSpot Design Manager email_modules,,,,"Active module palette/logos, per module cleanup inventory",HubSpot Email Modules plugin inventory,Canonical active module,,Light and Dark are presentation modes for the same active module family. No deleted ecommerce mockup modules or legacy prefix mapping.
Hero,Planning,Section block,Hero,Active module family,CORE - Text - Hero - Light,email_modules/core/hero.module,CORE - Text - Hero - Dark,email_modules/core/hero_dark.module,Editable,6.0,Eyebrow (text); Heading (text); Body (richtext); Primary CTA label (text); Primary CTA URL (url); Supporting note (text),"Lifecycle, Marketing, Sales, Service",Use at the start of an email to establish the core message and context.,All section 18 email blueprints,HubSpot Design Manager email_modules,"Editable text, rich text, and URL fields only; no raw HTML required",Operator-safe defaults included; empty optional text still leaves readable structure,"Brand voice, claims, consent, and CTA restraint",Core Palette v1 compliant local build; not deployed to HubSpot,18.1 Standard section vocabulary,Canonical active module,"J2-Ongoing - Monthly Newsletter (https://app.notion.com/p/J2-Ongoing-Monthly-Newsletter-94465eeaafc3411da9bdcd45d518363b?pvs=21), CP-W2-Trust - A personal note from Vincent — our promise to you (https://app.notion.com/p/CP-W2-Trust-A-personal-note-from-Vincent-our-promise-to-you-6b9feed8bda142c7a15ecf8d441c9eca?pvs=21), CP-W3-Education - Lace vs. Poly — The ultimate guide to choosing your base (https://app.notion.com/p/CP-W3-Education-Lace-vs-Poly-The-ultimate-guide-to-choosing-your-base-b4464ab6d465412c8d5cb5f6d51a4356?pvs=21), CP-Launch-01 - Introducing Hair Solutions Co. — We’ve rebuilt everything (https://app.notion.com/p/CP-Launch-01-Introducing-Hair-Solutions-Co-We-ve-rebuilt-everything-c7463648aecf485296149c0b05ed2d0f?pvs=21), CP-Launch-02 - What’s new at Hair Solutions Co. — a quick tour (https://app.notion.com/p/CP-Launch-02-What-s-new-at-Hair-Solutions-Co-a-quick-tour-332ff19d8d864d6e83c3f967244a4608?pvs=21), CP-W4-First-Order - Celebrate our launch — 10% off your first order (https://app.notion.com/p/CP-W4-First-Order-Celebrate-our-launch-10-off-your-first-order-48c9e7d822c14c4e83382da8537d414b?pvs=21), CP-W4-Social-Proof - Real results from real customers (https://app.notion.com/p/CP-W4-Social-Proof-Real-results-from-real-customers-7b116659f6474fc0bc231e556af9c426?pvs=21), J1-E1 - Welcome and Resource Delivery (https://app.notion.com/p/J1-E1-Welcome-and-Resource-Delivery-3514311ddd55813f80f4ee5c959b3ed2?pvs=21), J1-E4 - Social Proof Wall (https://app.notion.com/p/J1-E4-Social-Proof-Wall-3514311ddd5581aebcf8dbed447fcc60?pvs=21), J1-E5 - Consultation Invitation (https://app.notion.com/p/J1-E5-Consultation-Invitation-3514311ddd55817387cfd01d13d5dbfc?pvs=21), J1-E2 - Brand Story and Mission (https://app.notion.com/p/J1-E2-Brand-Story-and-Mission-3514311ddd5581ff9fd9e89760c8b676?pvs=21), J1-E3 - Educational — Understanding Base Types (https://app.notion.com/p/J1-E3-Educational-Understanding-Base-Types-3514311ddd5581d284e9fd0eb79de854?pvs=21), J2-E1 - Newsletter Welcome (https://app.notion.com/p/J2-E1-Newsletter-Welcome-3514311ddd558189a45bd236db4cb588?pvs=21), J2-E3 - Style Inspiration (https://app.notion.com/p/J2-E3-Style-Inspiration-3514311ddd55812a8869e5ce5d85b4f9?pvs=21), J2-E2 - How Hair Systems Work (https://app.notion.com/p/J2-E2-How-Hair-Systems-Work-3514311ddd558135b6a6c08018e11cc8?pvs=21), J2-E4 - Maintenance Tips — Seasonal (https://app.notion.com/p/J2-E4-Maintenance-Tips-Seasonal-3514311ddd5581b69396dd339a8159d2?pvs=21), J2-E5 - Soft Consultation Invite (https://app.notion.com/p/J2-E5-Soft-Consultation-Invite-3514311ddd55813cbf03e5060855dfba?pvs=21), J3-E1 - Order Confirmation — ""Artisan Commencement"" (https://app.notion.com/p/J3-E1-Order-Confirmation-Artisan-Commencement-3514311ddd5581979698ed8d51555441?pvs=21), J3-E2 - Preparation Guide (https://app.notion.com/p/J3-E2-Preparation-Guide-3514311ddd55812dacdbed14a20921ab?pvs=21), J3-E4 - Arrival Check-In (https://app.notion.com/p/J3-E4-Arrival-Check-In-3514311ddd5581a8a3c2e8fd46b7edb4?pvs=21), J3-E3 - Shipping Notification (https://app.notion.com/p/J3-E3-Shipping-Notification-3514311ddd5581f7a2a5f00b7dc767ef?pvs=21), J3-E5 - Maintenance Academy — Week 1 (Cleansing) (https://app.notion.com/p/J3-E5-Maintenance-Academy-Week-1-Cleansing-3514311ddd5581c4bd9ec6a164b95e89?pvs=21), J3-E6 - Maintenance Academy — Week 2 (Conditioning and Drying) (https://app.notion.com/p/J3-E6-Maintenance-Academy-Week-2-Conditioning-and-Drying-3514311ddd5581428934c5882f76b4c8?pvs=21), J3-E7 - Styling and Removal (https://app.notion.com/p/J3-E7-Styling-and-Removal-3514311ddd558134b18aedcd785ee2f3?pvs=21), J3-E8 - Review Request and Next Steps (https://app.notion.com/p/J3-E8-Review-Request-and-Next-Steps-3514311ddd55811ab4f3d8151015bf1a?pvs=21), J4-E1 - Mid-Cycle Care Check (https://app.notion.com/p/J4-E1-Mid-Cycle-Care-Check-3514311ddd55812cb4c8defbc2ed7282?pvs=21), J4-E2 - Replacement Nudge (https://app.notion.com/p/J4-E2-Replacement-Nudge-3514311ddd55818ba273c320c070db5b?pvs=21), J4-E3 - Loyalty Hook (https://app.notion.com/p/J4-E3-Loyalty-Hook-3514311ddd5581009250c8fb8dbbed70?pvs=21), J6-E1 - Loyalty Acknowledgment (https://app.notion.com/p/J6-E1-Loyalty-Acknowledgment-3514311ddd5581169875c0130a2f14b9?pvs=21), J5-E4 - VIP Maintenance Check-In (https://app.notion.com/p/J5-E4-VIP-Maintenance-Check-In-3514311ddd5581088b00c236607df880?pvs=21), J5-E2 - Artisan Update — New Technology (https://app.notion.com/p/J5-E2-Artisan-Update-New-Technology-3514311ddd55815f8ddecafa6efbe02d?pvs=21), J5-E3 - Birthday or Fitting Anniversary (https://app.notion.com/p/J5-E3-Birthday-or-Fitting-Anniversary-3514311ddd5581c6b290dc41d0f3b701?pvs=21), J5-E1 - Annual Recap (https://app.notion.com/p/J5-E1-Annual-Recap-3514311ddd558112b3c8c4ad50449591?pvs=21), J6-E2 - Math of Value (https://app.notion.com/p/J6-E2-Math-of-Value-3514311ddd5581cb9204d6e6aaa6545c?pvs=21), J6-E4 - VIP Offer (https://app.notion.com/p/J6-E4-VIP-Offer-3514311ddd558186bd8bcb9d8349c389?pvs=21), J6-E3 - Peace of Mind (https://app.notion.com/p/J6-E3-Peace-of-Mind-3514311ddd55818b9c74e0cd1e7ac794?pvs=21), J7-E1 - Human Note (https://app.notion.com/p/J7-E1-Human-Note-3514311ddd55810e8f66ea11972a359e?pvs=21), J7-E2 - What’s New (https://app.notion.com/p/J7-E2-What-s-New-3514311ddd55816cbbd9ca4ae4c48834?pvs=21), J7-E3 - Specific Offer (https://app.notion.com/p/J7-E3-Specific-Offer-3514311ddd5581ef9f9de3672d2e74ce?pvs=21), J7-E4 - Sunset Notice (https://app.notion.com/p/J7-E4-Sunset-Notice-3514311ddd5581e9ad0df5feaeb354e2?pvs=21), J8-E1 - 30-Day Success Snapshot (https://app.notion.com/p/J8-E1-30-Day-Success-Snapshot-3514311ddd5581fab02ce4a649cdb73a?pvs=21), J8-E2 - 14-Day Heads-Up (https://app.notion.com/p/J8-E2-14-Day-Heads-Up-3514311ddd5581d4a769c0a1cfe14c58?pvs=21), J8-E3 - 7-Day Urgency (https://app.notion.com/p/J8-E3-7-Day-Urgency-3514311ddd55816cb2d1ecdb197ced1f?pvs=21), J8-E4 - Final Confirmation (https://app.notion.com/p/J8-E4-Final-Confirmation-3514311ddd55817ca8e7fd48970bf7e1?pvs=21), SUPP-D1 - Payment Failed Immediate Notice (https://app.notion.com/p/SUPP-D1-Payment-Failed-Immediate-Notice-3514311ddd5581d3bbfbfdd120685d01?pvs=21), SUPP-D2 - Grace Period Reminder (https://app.notion.com/p/SUPP-D2-Grace-Period-Reminder-3514311ddd55815b9b6fd5d605df6321?pvs=21), CS-R-NLP - Consultation recap - no local partner (https://app.notion.com/p/CS-R-NLP-Consultation-recap-no-local-partner-3514311ddd5581ba8ffcf61c767922f5?pvs=21), CS-R-USD - Consultation recap - standard currency variant (https://app.notion.com/p/CS-R-USD-Consultation-recap-standard-currency-variant-3514311ddd5581a48ccbf22277cce14e?pvs=21), CS-R-GBP - Consultation recap - standard currency variant (https://app.notion.com/p/CS-R-GBP-Consultation-recap-standard-currency-variant-3514311ddd55815cb608c14701fa3d67?pvs=21), CS-R-CAD - Consultation recap - standard currency variant (https://app.notion.com/p/CS-R-CAD-Consultation-recap-standard-currency-variant-3514311ddd55817bbc62d76746d3727c?pvs=21), CS-R-EUR - Consultation recap - standard currency variant (https://app.notion.com/p/CS-R-EUR-Consultation-recap-standard-currency-variant-3514311ddd558127a2e4c649a38feedd?pvs=21), CS-F-D5 - Follow-up day 5 (https://app.notion.com/p/CS-F-D5-Follow-up-day-5-3514311ddd5581dea787f6fcf82ed3e7?pvs=21), CS-R-CSU - Consultation recap - current system user (https://app.notion.com/p/CS-R-CSU-Consultation-recap-current-system-user-3514311ddd55818f99c6c75c2200ab77?pvs=21), CS-R-FP - Consultation recap - front partial (https://app.notion.com/p/CS-R-FP-Consultation-recap-front-partial-3514311ddd55814ca993c223be5af087?pvs=21), CS-F-D10 - Follow-up day 10 (https://app.notion.com/p/CS-F-D10-Follow-up-day-10-3514311ddd558122b28cc689b5be8704?pvs=21), CS-F-D90 - Follow-up day 90 reengagement (https://app.notion.com/p/CS-F-D90-Follow-up-day-90-reengagement-3514311ddd558186a62fe0cde5794a4b?pvs=21), CS-F-D5U - Follow-up day 5 - current user (https://app.notion.com/p/CS-F-D5U-Follow-up-day-5-current-user-3514311ddd5581e1bcf6c2617b65f1aa?pvs=21), CS-F-FCL - Final close loop (https://app.notion.com/p/CS-F-FCL-Final-close-loop-3514311ddd5581a593aac5fd7b6e77b7?pvs=21), CS-F-D10U - Follow-up day 10 - current user (https://app.notion.com/p/CS-F-D10U-Follow-up-day-10-current-user-3514311ddd5581768759c291e2fac6df?pvs=21), CS-S-PDS - Products & services information - supporting (https://app.notion.com/p/CS-S-PDS-Products-services-information-supporting-3514311ddd5581539768e5a00eed2354?pvs=21), CS-S-FER - First enquiry reply - supporting (https://app.notion.com/p/CS-S-FER-First-enquiry-reply-supporting-3514311ddd55816ca5dfe661a3a568c6?pvs=21), CS-S-HME - Home maintenance extension - supporting (https://app.notion.com/p/CS-S-HME-Home-maintenance-extension-supporting-3514311ddd5581489caac94bed164795?pvs=21)",Built locally 2026-07-03 as CORE Light/Dark module family. Requires HubSpot deployment approval before live Design Manager use.
Reassurance,Planning,Section block,Reassurance,Active module family,CORE - Text - Reassurance - Light,email_modules/core/reassurance.module,CORE - Text - Reassurance - Dark,email_modules/core/reassurance_dark.module,Editable,9.0,Eyebrow (text); Heading (text); Body (richtext); Point 1 label (text); Point 1 text (text); Point 2 label (text); Point 2 text (text); Point 3 label (text); Point 3 text (text),"Lifecycle, Operational, Sales, Service","Use whenever the reader may feel risk, uncertainty, or pressure.","All journeys, especially J3, J4, J7, J8, SUPP, CS",HubSpot Design Manager email_modules,"Editable text, rich text, and URL fields only; no raw HTML required",Operator-safe defaults included; empty optional text still leaves readable structure,"Brand voice, claims, consent, and CTA restraint",Core Palette v1 compliant local build; not deployed to HubSpot,18.1 Standard section vocabulary,Canonical active module,"J2-Ongoing - Monthly Newsletter (https://app.notion.com/p/J2-Ongoing-Monthly-Newsletter-94465eeaafc3411da9bdcd45d518363b?pvs=21), CP-W2-Trust - A personal note from Vincent — our promise to you (https://app.notion.com/p/CP-W2-Trust-A-personal-note-from-Vincent-our-promise-to-you-6b9feed8bda142c7a15ecf8d441c9eca?pvs=21), CP-W3-Education - Lace vs. Poly — The ultimate guide to choosing your base (https://app.notion.com/p/CP-W3-Education-Lace-vs-Poly-The-ultimate-guide-to-choosing-your-base-b4464ab6d465412c8d5cb5f6d51a4356?pvs=21), CP-Launch-01 - Introducing Hair Solutions Co. — We’ve rebuilt everything (https://app.notion.com/p/CP-Launch-01-Introducing-Hair-Solutions-Co-We-ve-rebuilt-everything-c7463648aecf485296149c0b05ed2d0f?pvs=21), CP-Launch-02 - What’s new at Hair Solutions Co. — a quick tour (https://app.notion.com/p/CP-Launch-02-What-s-new-at-Hair-Solutions-Co-a-quick-tour-332ff19d8d864d6e83c3f967244a4608?pvs=21), CP-W4-First-Order - Celebrate our launch — 10% off your first order (https://app.notion.com/p/CP-W4-First-Order-Celebrate-our-launch-10-off-your-first-order-48c9e7d822c14c4e83382da8537d414b?pvs=21), CP-W4-Social-Proof - Real results from real customers (https://app.notion.com/p/CP-W4-Social-Proof-Real-results-from-real-customers-7b116659f6474fc0bc231e556af9c426?pvs=21), J1-E1 - Welcome and Resource Delivery (https://app.notion.com/p/J1-E1-Welcome-and-Resource-Delivery-3514311ddd55813f80f4ee5c959b3ed2?pvs=21), J1-E4 - Social Proof Wall (https://app.notion.com/p/J1-E4-Social-Proof-Wall-3514311ddd5581aebcf8dbed447fcc60?pvs=21), J1-E5 - Consultation Invitation (https://app.notion.com/p/J1-E5-Consultation-Invitation-3514311ddd55817387cfd01d13d5dbfc?pvs=21), J1-E2 - Brand Story and Mission (https://app.notion.com/p/J1-E2-Brand-Story-and-Mission-3514311ddd5581ff9fd9e89760c8b676?pvs=21), J1-E3 - Educational — Understanding Base Types (https://app.notion.com/p/J1-E3-Educational-Understanding-Base-Types-3514311ddd5581d284e9fd0eb79de854?pvs=21), J2-E1 - Newsletter Welcome (https://app.notion.com/p/J2-E1-Newsletter-Welcome-3514311ddd558189a45bd236db4cb588?pvs=21), J2-E3 - Style Inspiration (https://app.notion.com/p/J2-E3-Style-Inspiration-3514311ddd55812a8869e5ce5d85b4f9?pvs=21), J2-E2 - How Hair Systems Work (https://app.notion.com/p/J2-E2-How-Hair-Systems-Work-3514311ddd558135b6a6c08018e11cc8?pvs=21), J2-E4 - Maintenance Tips — Seasonal (https://app.notion.com/p/J2-E4-Maintenance-Tips-Seasonal-3514311ddd5581b69396dd339a8159d2?pvs=21), J2-E5 - Soft Consultation Invite (https://app.notion.com/p/J2-E5-Soft-Consultation-Invite-3514311ddd55813cbf03e5060855dfba?pvs=21), J3-E1 - Order Confirmation — ""Artisan Commencement"" (https://app.notion.com/p/J3-E1-Order-Confirmation-Artisan-Commencement-3514311ddd5581979698ed8d51555441?pvs=21), J3-E2 - Preparation Guide (https://app.notion.com/p/J3-E2-Preparation-Guide-3514311ddd55812dacdbed14a20921ab?pvs=21), J3-E4 - Arrival Check-In (https://app.notion.com/p/J3-E4-Arrival-Check-In-3514311ddd5581a8a3c2e8fd46b7edb4?pvs=21), J3-E3 - Shipping Notification (https://app.notion.com/p/J3-E3-Shipping-Notification-3514311ddd5581f7a2a5f00b7dc767ef?pvs=21), J3-E5 - Maintenance Academy — Week 1 (Cleansing) (https://app.notion.com/p/J3-E5-Maintenance-Academy-Week-1-Cleansing-3514311ddd5581c4bd9ec6a164b95e89?pvs=21), J3-E6 - Maintenance Academy — Week 2 (Conditioning and Drying) (https://app.notion.com/p/J3-E6-Maintenance-Academy-Week-2-Conditioning-and-Drying-3514311ddd5581428934c5882f76b4c8?pvs=21), J3-E7 - Styling and Removal (https://app.notion.com/p/J3-E7-Styling-and-Removal-3514311ddd558134b18aedcd785ee2f3?pvs=21), J3-E8 - Review Request and Next Steps (https://app.notion.com/p/J3-E8-Review-Request-and-Next-Steps-3514311ddd55811ab4f3d8151015bf1a?pvs=21), J4-E1 - Mid-Cycle Care Check (https://app.notion.com/p/J4-E1-Mid-Cycle-Care-Check-3514311ddd55812cb4c8defbc2ed7282?pvs=21), J4-E2 - Replacement Nudge (https://app.notion.com/p/J4-E2-Replacement-Nudge-3514311ddd55818ba273c320c070db5b?pvs=21), J4-E3 - Loyalty Hook (https://app.notion.com/p/J4-E3-Loyalty-Hook-3514311ddd5581009250c8fb8dbbed70?pvs=21), J6-E1 - Loyalty Acknowledgment (https://app.notion.com/p/J6-E1-Loyalty-Acknowledgment-3514311ddd5581169875c0130a2f14b9?pvs=21), J5-E4 - VIP Maintenance Check-In (https://app.notion.com/p/J5-E4-VIP-Maintenance-Check-In-3514311ddd5581088b00c236607df880?pvs=21), J5-E2 - Artisan Update — New Technology (https://app.notion.com/p/J5-E2-Artisan-Update-New-Technology-3514311ddd55815f8ddecafa6efbe02d?pvs=21), J5-E3 - Birthday or Fitting Anniversary (https://app.notion.com/p/J5-E3-Birthday-or-Fitting-Anniversary-3514311ddd5581c6b290dc41d0f3b701?pvs=21), J5-E1 - Annual Recap (https://app.notion.com/p/J5-E1-Annual-Recap-3514311ddd558112b3c8c4ad50449591?pvs=21), J6-E2 - Math of Value (https://app.notion.com/p/J6-E2-Math-of-Value-3514311ddd5581cb9204d6e6aaa6545c?pvs=21), J6-E4 - VIP Offer (https://app.notion.com/p/J6-E4-VIP-Offer-3514311ddd558186bd8bcb9d8349c389?pvs=21), J6-E3 - Peace of Mind (https://app.notion.com/p/J6-E3-Peace-of-Mind-3514311ddd55818b9c74e0cd1e7ac794?pvs=21), J7-E1 - Human Note (https://app.notion.com/p/J7-E1-Human-Note-3514311ddd55810e8f66ea11972a359e?pvs=21), J7-E2 - What’s New (https://app.notion.com/p/J7-E2-What-s-New-3514311ddd55816cbbd9ca4ae4c48834?pvs=21), J7-E3 - Specific Offer (https://app.notion.com/p/J7-E3-Specific-Offer-3514311ddd5581ef9f9de3672d2e74ce?pvs=21), J7-E4 - Sunset Notice (https://app.notion.com/p/J7-E4-Sunset-Notice-3514311ddd5581e9ad0df5feaeb354e2?pvs=21), J8-E1 - 30-Day Success Snapshot (https://app.notion.com/p/J8-E1-30-Day-Success-Snapshot-3514311ddd5581fab02ce4a649cdb73a?pvs=21), J8-E2 - 14-Day Heads-Up (https://app.notion.com/p/J8-E2-14-Day-Heads-Up-3514311ddd5581d4a769c0a1cfe14c58?pvs=21), J8-E3 - 7-Day Urgency (https://app.notion.com/p/J8-E3-7-Day-Urgency-3514311ddd55816cb2d1ecdb197ced1f?pvs=21), J8-E4 - Final Confirmation (https://app.notion.com/p/J8-E4-Final-Confirmation-3514311ddd55817ca8e7fd48970bf7e1?pvs=21), SUPP-D1 - Payment Failed Immediate Notice (https://app.notion.com/p/SUPP-D1-Payment-Failed-Immediate-Notice-3514311ddd5581d3bbfbfdd120685d01?pvs=21), SUPP-D2 - Grace Period Reminder (https://app.notion.com/p/SUPP-D2-Grace-Period-Reminder-3514311ddd55815b9b6fd5d605df6321?pvs=21), CS-R-NLP - Consultation recap - no local partner (https://app.notion.com/p/CS-R-NLP-Consultation-recap-no-local-partner-3514311ddd5581ba8ffcf61c767922f5?pvs=21), CS-R-USD - Consultation recap - standard currency variant (https://app.notion.com/p/CS-R-USD-Consultation-recap-standard-currency-variant-3514311ddd5581a48ccbf22277cce14e?pvs=21), CS-R-GBP - Consultation recap - standard currency variant (https://app.notion.com/p/CS-R-GBP-Consultation-recap-standard-currency-variant-3514311ddd55815cb608c14701fa3d67?pvs=21), CS-R-CAD - Consultation recap - standard currency variant (https://app.notion.com/p/CS-R-CAD-Consultation-recap-standard-currency-variant-3514311ddd55817bbc62d76746d3727c?pvs=21), CS-R-EUR - Consultation recap - standard currency variant (https://app.notion.com/p/CS-R-EUR-Consultation-recap-standard-currency-variant-3514311ddd558127a2e4c649a38feedd?pvs=21), CS-F-D5 - Follow-up day 5 (https://app.notion.com/p/CS-F-D5-Follow-up-day-5-3514311ddd5581dea787f6fcf82ed3e7?pvs=21), CS-R-CSU - Consultation recap - current system user (https://app.notion.com/p/CS-R-CSU-Consultation-recap-current-system-user-3514311ddd55818f99c6c75c2200ab77?pvs=21), CS-R-FP - Consultation recap - front partial (https://app.notion.com/p/CS-R-FP-Consultation-recap-front-partial-3514311ddd55814ca993c223be5af087?pvs=21), CS-F-D10 - Follow-up day 10 (https://app.notion.com/p/CS-F-D10-Follow-up-day-10-3514311ddd558122b28cc689b5be8704?pvs=21), CS-F-D90 - Follow-up day 90 reengagement (https://app.notion.com/p/CS-F-D90-Follow-up-day-90-reengagement-3514311ddd558186a62fe0cde5794a4b?pvs=21), CS-F-D5U - Follow-up day 5 - current user (https://app.notion.com/p/CS-F-D5U-Follow-up-day-5-current-user-3514311ddd5581e1bcf6c2617b65f1aa?pvs=21), CS-F-FCL - Final close loop (https://app.notion.com/p/CS-F-FCL-Final-close-loop-3514311ddd5581a593aac5fd7b6e77b7?pvs=21), CS-F-D10U - Follow-up day 10 - current user (https://app.notion.com/p/CS-F-D10U-Follow-up-day-10-current-user-3514311ddd5581768759c291e2fac6df?pvs=21), CS-S-PDS - Products & services information - supporting (https://app.notion.com/p/CS-S-PDS-Products-services-information-supporting-3514311ddd5581539768e5a00eed2354?pvs=21), CS-S-FER - First enquiry reply - supporting (https://app.notion.com/p/CS-S-FER-First-enquiry-reply-supporting-3514311ddd55816ca5dfe661a3a568c6?pvs=21), CS-S-HME - Home maintenance extension - supporting (https://app.notion.com/p/CS-S-HME-Home-maintenance-extension-supporting-3514311ddd5581489caac94bed164795?pvs=21)",Built locally 2026-07-03 as CORE Light/Dark module family. Requires HubSpot deployment approval before live Design Manager use.
Education,Planning,Section block,Education,Mapped to active module family,,,,,,,,"Lifecycle, Marketing, Service, Supporting",Use when the email reduces confusion or teaches a practical next step.,"J1, J2, J3, J4, J5, J6, J7, campaigns",,,,,,18.1 Standard section vocabulary,Canonical,"J2-Ongoing - Monthly Newsletter (https://app.notion.com/p/J2-Ongoing-Monthly-Newsletter-94465eeaafc3411da9bdcd45d518363b?pvs=21), CP-W3-Education - Lace vs. Poly — The ultimate guide to choosing your base (https://app.notion.com/p/CP-W3-Education-Lace-vs-Poly-The-ultimate-guide-to-choosing-your-base-b4464ab6d465412c8d5cb5f6d51a4356?pvs=21), CP-Launch-01 - Introducing Hair Solutions Co. — We’ve rebuilt everything (https://app.notion.com/p/CP-Launch-01-Introducing-Hair-Solutions-Co-We-ve-rebuilt-everything-c7463648aecf485296149c0b05ed2d0f?pvs=21), CP-Launch-02 - What’s new at Hair Solutions Co. — a quick tour (https://app.notion.com/p/CP-Launch-02-What-s-new-at-Hair-Solutions-Co-a-quick-tour-332ff19d8d864d6e83c3f967244a4608?pvs=21), J1-E1 - Welcome and Resource Delivery (https://app.notion.com/p/J1-E1-Welcome-and-Resource-Delivery-3514311ddd55813f80f4ee5c959b3ed2?pvs=21), J1-E4 - Social Proof Wall (https://app.notion.com/p/J1-E4-Social-Proof-Wall-3514311ddd5581aebcf8dbed447fcc60?pvs=21), J1-E5 - Consultation Invitation (https://app.notion.com/p/J1-E5-Consultation-Invitation-3514311ddd55817387cfd01d13d5dbfc?pvs=21), J1-E2 - Brand Story and Mission (https://app.notion.com/p/J1-E2-Brand-Story-and-Mission-3514311ddd5581ff9fd9e89760c8b676?pvs=21), J1-E3 - Educational — Understanding Base Types (https://app.notion.com/p/J1-E3-Educational-Understanding-Base-Types-3514311ddd5581d284e9fd0eb79de854?pvs=21), J2-E1 - Newsletter Welcome (https://app.notion.com/p/J2-E1-Newsletter-Welcome-3514311ddd558189a45bd236db4cb588?pvs=21), J2-E3 - Style Inspiration (https://app.notion.com/p/J2-E3-Style-Inspiration-3514311ddd55812a8869e5ce5d85b4f9?pvs=21), J2-E2 - How Hair Systems Work (https://app.notion.com/p/J2-E2-How-Hair-Systems-Work-3514311ddd558135b6a6c08018e11cc8?pvs=21), J2-E4 - Maintenance Tips — Seasonal (https://app.notion.com/p/J2-E4-Maintenance-Tips-Seasonal-3514311ddd5581b69396dd339a8159d2?pvs=21), J2-E5 - Soft Consultation Invite (https://app.notion.com/p/J2-E5-Soft-Consultation-Invite-3514311ddd55813cbf03e5060855dfba?pvs=21), J3-E1 - Order Confirmation — ""Artisan Commencement"" (https://app.notion.com/p/J3-E1-Order-Confirmation-Artisan-Commencement-3514311ddd5581979698ed8d51555441?pvs=21), J3-E2 - Preparation Guide (https://app.notion.com/p/J3-E2-Preparation-Guide-3514311ddd55812dacdbed14a20921ab?pvs=21), J3-E4 - Arrival Check-In (https://app.notion.com/p/J3-E4-Arrival-Check-In-3514311ddd5581a8a3c2e8fd46b7edb4?pvs=21), J3-E3 - Shipping Notification (https://app.notion.com/p/J3-E3-Shipping-Notification-3514311ddd5581f7a2a5f00b7dc767ef?pvs=21), J3-E5 - Maintenance Academy — Week 1 (Cleansing) (https://app.notion.com/p/J3-E5-Maintenance-Academy-Week-1-Cleansing-3514311ddd5581c4bd9ec6a164b95e89?pvs=21), J3-E6 - Maintenance Academy — Week 2 (Conditioning and Drying) (https://app.notion.com/p/J3-E6-Maintenance-Academy-Week-2-Conditioning-and-Drying-3514311ddd5581428934c5882f76b4c8?pvs=21), J3-E7 - Styling and Removal (https://app.notion.com/p/J3-E7-Styling-and-Removal-3514311ddd558134b18aedcd785ee2f3?pvs=21), J3-E8 - Review Request and Next Steps (https://app.notion.com/p/J3-E8-Review-Request-and-Next-Steps-3514311ddd55811ab4f3d8151015bf1a?pvs=21), J4-E1 - Mid-Cycle Care Check (https://app.notion.com/p/J4-E1-Mid-Cycle-Care-Check-3514311ddd55812cb4c8defbc2ed7282?pvs=21), J4-E2 - Replacement Nudge (https://app.notion.com/p/J4-E2-Replacement-Nudge-3514311ddd55818ba273c320c070db5b?pvs=21), J4-E3 - Loyalty Hook (https://app.notion.com/p/J4-E3-Loyalty-Hook-3514311ddd5581009250c8fb8dbbed70?pvs=21), J6-E1 - Loyalty Acknowledgment (https://app.notion.com/p/J6-E1-Loyalty-Acknowledgment-3514311ddd5581169875c0130a2f14b9?pvs=21), J5-E4 - VIP Maintenance Check-In (https://app.notion.com/p/J5-E4-VIP-Maintenance-Check-In-3514311ddd5581088b00c236607df880?pvs=21), J5-E2 - Artisan Update — New Technology (https://app.notion.com/p/J5-E2-Artisan-Update-New-Technology-3514311ddd55815f8ddecafa6efbe02d?pvs=21), J5-E3 - Birthday or Fitting Anniversary (https://app.notion.com/p/J5-E3-Birthday-or-Fitting-Anniversary-3514311ddd5581c6b290dc41d0f3b701?pvs=21), J5-E1 - Annual Recap (https://app.notion.com/p/J5-E1-Annual-Recap-3514311ddd558112b3c8c4ad50449591?pvs=21), J6-E2 - Math of Value (https://app.notion.com/p/J6-E2-Math-of-Value-3514311ddd5581cb9204d6e6aaa6545c?pvs=21), J6-E4 - VIP Offer (https://app.notion.com/p/J6-E4-VIP-Offer-3514311ddd558186bd8bcb9d8349c389?pvs=21), J6-E3 - Peace of Mind (https://app.notion.com/p/J6-E3-Peace-of-Mind-3514311ddd55818b9c74e0cd1e7ac794?pvs=21), J7-E1 - Human Note (https://app.notion.com/p/J7-E1-Human-Note-3514311ddd55810e8f66ea11972a359e?pvs=21), J7-E2 - What’s New (https://app.notion.com/p/J7-E2-What-s-New-3514311ddd55816cbbd9ca4ae4c48834?pvs=21), J7-E3 - Specific Offer (https://app.notion.com/p/J7-E3-Specific-Offer-3514311ddd5581ef9f9de3672d2e74ce?pvs=21), J8-E1 - 30-Day Success Snapshot (https://app.notion.com/p/J8-E1-30-Day-Success-Snapshot-3514311ddd5581fab02ce4a649cdb73a?pvs=21), J8-E2 - 14-Day Heads-Up (https://app.notion.com/p/J8-E2-14-Day-Heads-Up-3514311ddd5581d4a769c0a1cfe14c58?pvs=21), J8-E3 - 7-Day Urgency (https://app.notion.com/p/J8-E3-7-Day-Urgency-3514311ddd55816cb2d1ecdb197ced1f?pvs=21), CS-S-PDS - Products & services information - supporting (https://app.notion.com/p/CS-S-PDS-Products-services-information-supporting-3514311ddd5581539768e5a00eed2354?pvs=21), CS-S-HME - Home maintenance extension - supporting (https://app.notion.com/p/CS-S-HME-Home-maintenance-extension-supporting-3514311ddd5581489caac94bed164795?pvs=21)",Planning concept should be fulfilled by active family/families: Base type guidance; Lifespan next step.
Context,Planning,Section block,Context,Planning concept only,,,,,,,,"Lifecycle, Marketing, Operational, Sales, Service","Use early in the email to anchor timing, trigger, and reader relevance.",All journeys and campaign examples,,,,,,18.1 Standard section vocabulary,Canonical,"J2-Ongoing - Monthly Newsletter (https://app.notion.com/p/J2-Ongoing-Monthly-Newsletter-94465eeaafc3411da9bdcd45d518363b?pvs=21), CP-W2-Trust - A personal note from Vincent — our promise to you (https://app.notion.com/p/CP-W2-Trust-A-personal-note-from-Vincent-our-promise-to-you-6b9feed8bda142c7a15ecf8d441c9eca?pvs=21), CP-W3-Education - Lace vs. Poly — The ultimate guide to choosing your base (https://app.notion.com/p/CP-W3-Education-Lace-vs-Poly-The-ultimate-guide-to-choosing-your-base-b4464ab6d465412c8d5cb5f6d51a4356?pvs=21), CP-Launch-01 - Introducing Hair Solutions Co. — We’ve rebuilt everything (https://app.notion.com/p/CP-Launch-01-Introducing-Hair-Solutions-Co-We-ve-rebuilt-everything-c7463648aecf485296149c0b05ed2d0f?pvs=21), CP-Launch-02 - What’s new at Hair Solutions Co. — a quick tour (https://app.notion.com/p/CP-Launch-02-What-s-new-at-Hair-Solutions-Co-a-quick-tour-332ff19d8d864d6e83c3f967244a4608?pvs=21), CP-W4-First-Order - Celebrate our launch — 10% off your first order (https://app.notion.com/p/CP-W4-First-Order-Celebrate-our-launch-10-off-your-first-order-48c9e7d822c14c4e83382da8537d414b?pvs=21), CP-W4-Social-Proof - Real results from real customers (https://app.notion.com/p/CP-W4-Social-Proof-Real-results-from-real-customers-7b116659f6474fc0bc231e556af9c426?pvs=21), J1-E1 - Welcome and Resource Delivery (https://app.notion.com/p/J1-E1-Welcome-and-Resource-Delivery-3514311ddd55813f80f4ee5c959b3ed2?pvs=21), J1-E4 - Social Proof Wall (https://app.notion.com/p/J1-E4-Social-Proof-Wall-3514311ddd5581aebcf8dbed447fcc60?pvs=21), J1-E5 - Consultation Invitation (https://app.notion.com/p/J1-E5-Consultation-Invitation-3514311ddd55817387cfd01d13d5dbfc?pvs=21), J1-E2 - Brand Story and Mission (https://app.notion.com/p/J1-E2-Brand-Story-and-Mission-3514311ddd5581ff9fd9e89760c8b676?pvs=21), J1-E3 - Educational — Understanding Base Types (https://app.notion.com/p/J1-E3-Educational-Understanding-Base-Types-3514311ddd5581d284e9fd0eb79de854?pvs=21), J2-E1 - Newsletter Welcome (https://app.notion.com/p/J2-E1-Newsletter-Welcome-3514311ddd558189a45bd236db4cb588?pvs=21), J2-E3 - Style Inspiration (https://app.notion.com/p/J2-E3-Style-Inspiration-3514311ddd55812a8869e5ce5d85b4f9?pvs=21), J2-E2 - How Hair Systems Work (https://app.notion.com/p/J2-E2-How-Hair-Systems-Work-3514311ddd558135b6a6c08018e11cc8?pvs=21), J2-E4 - Maintenance Tips — Seasonal (https://app.notion.com/p/J2-E4-Maintenance-Tips-Seasonal-3514311ddd5581b69396dd339a8159d2?pvs=21), J2-E5 - Soft Consultation Invite (https://app.notion.com/p/J2-E5-Soft-Consultation-Invite-3514311ddd55813cbf03e5060855dfba?pvs=21), J3-E1 - Order Confirmation — ""Artisan Commencement"" (https://app.notion.com/p/J3-E1-Order-Confirmation-Artisan-Commencement-3514311ddd5581979698ed8d51555441?pvs=21), J3-E2 - Preparation Guide (https://app.notion.com/p/J3-E2-Preparation-Guide-3514311ddd55812dacdbed14a20921ab?pvs=21), J3-E4 - Arrival Check-In (https://app.notion.com/p/J3-E4-Arrival-Check-In-3514311ddd5581a8a3c2e8fd46b7edb4?pvs=21), J3-E3 - Shipping Notification (https://app.notion.com/p/J3-E3-Shipping-Notification-3514311ddd5581f7a2a5f00b7dc767ef?pvs=21), J3-E5 - Maintenance Academy — Week 1 (Cleansing) (https://app.notion.com/p/J3-E5-Maintenance-Academy-Week-1-Cleansing-3514311ddd5581c4bd9ec6a164b95e89?pvs=21), J3-E6 - Maintenance Academy — Week 2 (Conditioning and Drying) (https://app.notion.com/p/J3-E6-Maintenance-Academy-Week-2-Conditioning-and-Drying-3514311ddd5581428934c5882f76b4c8?pvs=21), J3-E7 - Styling and Removal (https://app.notion.com/p/J3-E7-Styling-and-Removal-3514311ddd558134b18aedcd785ee2f3?pvs=21), J3-E8 - Review Request and Next Steps (https://app.notion.com/p/J3-E8-Review-Request-and-Next-Steps-3514311ddd55811ab4f3d8151015bf1a?pvs=21), J4-E1 - Mid-Cycle Care Check (https://app.notion.com/p/J4-E1-Mid-Cycle-Care-Check-3514311ddd55812cb4c8defbc2ed7282?pvs=21), J4-E2 - Replacement Nudge (https://app.notion.com/p/J4-E2-Replacement-Nudge-3514311ddd55818ba273c320c070db5b?pvs=21), J4-E3 - Loyalty Hook (https://app.notion.com/p/J4-E3-Loyalty-Hook-3514311ddd5581009250c8fb8dbbed70?pvs=21), J6-E1 - Loyalty Acknowledgment (https://app.notion.com/p/J6-E1-Loyalty-Acknowledgment-3514311ddd5581169875c0130a2f14b9?pvs=21), J5-E4 - VIP Maintenance Check-In (https://app.notion.com/p/J5-E4-VIP-Maintenance-Check-In-3514311ddd5581088b00c236607df880?pvs=21), J5-E2 - Artisan Update — New Technology (https://app.notion.com/p/J5-E2-Artisan-Update-New-Technology-3514311ddd55815f8ddecafa6efbe02d?pvs=21), J5-E3 - Birthday or Fitting Anniversary (https://app.notion.com/p/J5-E3-Birthday-or-Fitting-Anniversary-3514311ddd5581c6b290dc41d0f3b701?pvs=21), J5-E1 - Annual Recap (https://app.notion.com/p/J5-E1-Annual-Recap-3514311ddd558112b3c8c4ad50449591?pvs=21), J6-E2 - Math of Value (https://app.notion.com/p/J6-E2-Math-of-Value-3514311ddd5581cb9204d6e6aaa6545c?pvs=21), J6-E4 - VIP Offer (https://app.notion.com/p/J6-E4-VIP-Offer-3514311ddd558186bd8bcb9d8349c389?pvs=21), J6-E3 - Peace of Mind (https://app.notion.com/p/J6-E3-Peace-of-Mind-3514311ddd55818b9c74e0cd1e7ac794?pvs=21), J7-E1 - Human Note (https://app.notion.com/p/J7-E1-Human-Note-3514311ddd55810e8f66ea11972a359e?pvs=21), J7-E2 - What’s New (https://app.notion.com/p/J7-E2-What-s-New-3514311ddd55816cbbd9ca4ae4c48834?pvs=21), J7-E3 - Specific Offer (https://app.notion.com/p/J7-E3-Specific-Offer-3514311ddd5581ef9f9de3672d2e74ce?pvs=21), J7-E4 - Sunset Notice (https://app.notion.com/p/J7-E4-Sunset-Notice-3514311ddd5581e9ad0df5feaeb354e2?pvs=21), J8-E1 - 30-Day Success Snapshot (https://app.notion.com/p/J8-E1-30-Day-Success-Snapshot-3514311ddd5581fab02ce4a649cdb73a?pvs=21), J8-E2 - 14-Day Heads-Up (https://app.notion.com/p/J8-E2-14-Day-Heads-Up-3514311ddd5581d4a769c0a1cfe14c58?pvs=21), J8-E3 - 7-Day Urgency (https://app.notion.com/p/J8-E3-7-Day-Urgency-3514311ddd55816cb2d1ecdb197ced1f?pvs=21), J8-E4 - Final Confirmation (https://app.notion.com/p/J8-E4-Final-Confirmation-3514311ddd55817ca8e7fd48970bf7e1?pvs=21), SUPP-D1 - Payment Failed Immediate Notice (https://app.notion.com/p/SUPP-D1-Payment-Failed-Immediate-Notice-3514311ddd5581d3bbfbfdd120685d01?pvs=21), SUPP-D2 - Grace Period Reminder (https://app.notion.com/p/SUPP-D2-Grace-Period-Reminder-3514311ddd55815b9b6fd5d605df6321?pvs=21), CS-R-NLP - Consultation recap - no local partner (https://app.notion.com/p/CS-R-NLP-Consultation-recap-no-local-partner-3514311ddd5581ba8ffcf61c767922f5?pvs=21), CS-R-USD - Consultation recap - standard currency variant (https://app.notion.com/p/CS-R-USD-Consultation-recap-standard-currency-variant-3514311ddd5581a48ccbf22277cce14e?pvs=21), CS-R-GBP - Consultation recap - standard currency variant (https://app.notion.com/p/CS-R-GBP-Consultation-recap-standard-currency-variant-3514311ddd55815cb608c14701fa3d67?pvs=21), CS-R-CAD - Consultation recap - standard currency variant (https://app.notion.com/p/CS-R-CAD-Consultation-recap-standard-currency-variant-3514311ddd55817bbc62d76746d3727c?pvs=21), CS-R-EUR - Consultation recap - standard currency variant (https://app.notion.com/p/CS-R-EUR-Consultation-recap-standard-currency-variant-3514311ddd558127a2e4c649a38feedd?pvs=21), CS-F-D5 - Follow-up day 5 (https://app.notion.com/p/CS-F-D5-Follow-up-day-5-3514311ddd5581dea787f6fcf82ed3e7?pvs=21), CS-R-CSU - Consultation recap - current system user (https://app.notion.com/p/CS-R-CSU-Consultation-recap-current-system-user-3514311ddd55818f99c6c75c2200ab77?pvs=21), CS-R-FP - Consultation recap - front partial (https://app.notion.com/p/CS-R-FP-Consultation-recap-front-partial-3514311ddd55814ca993c223be5af087?pvs=21), CS-F-D10 - Follow-up day 10 (https://app.notion.com/p/CS-F-D10-Follow-up-day-10-3514311ddd558122b28cc689b5be8704?pvs=21), CS-F-D90 - Follow-up day 90 reengagement (https://app.notion.com/p/CS-F-D90-Follow-up-day-90-reengagement-3514311ddd558186a62fe0cde5794a4b?pvs=21), CS-F-D5U - Follow-up day 5 - current user (https://app.notion.com/p/CS-F-D5U-Follow-up-day-5-current-user-3514311ddd5581e1bcf6c2617b65f1aa?pvs=21), CS-F-FCL - Final close loop (https://app.notion.com/p/CS-F-FCL-Final-close-loop-3514311ddd5581a593aac5fd7b6e77b7?pvs=21), CS-F-D10U - Follow-up day 10 - current user (https://app.notion.com/p/CS-F-D10U-Follow-up-day-10-current-user-3514311ddd5581768759c291e2fac6df?pvs=21), CS-S-PDS - Products & services information - supporting (https://app.notion.com/p/CS-S-PDS-Products-services-information-supporting-3514311ddd5581539768e5a00eed2354?pvs=21), CS-S-FER - First enquiry reply - supporting (https://app.notion.com/p/CS-S-FER-First-enquiry-reply-supporting-3514311ddd55816ca5dfe661a3a568c6?pvs=21), CS-S-HME - Home maintenance extension - supporting (https://app.notion.com/p/CS-S-HME-Home-maintenance-extension-supporting-3514311ddd5581489caac94bed164795?pvs=21)",No current active module family. Keep only if useful for blueprint planning.
Product recommendation,Planning,Section block,Product recommendation,Mapped to active module family,,,,,,,,"Lifecycle, Marketing, Sales, Service",Use only when a recommendation is relevant and supported by known customer context.,"J1, J2, J3, J4, J5, J6, J7",,,,,,18.1 Standard section vocabulary,Canonical,"CP-W3-Education - Lace vs. Poly — The ultimate guide to choosing your base (https://app.notion.com/p/CP-W3-Education-Lace-vs-Poly-The-ultimate-guide-to-choosing-your-base-b4464ab6d465412c8d5cb5f6d51a4356?pvs=21), CP-Launch-02 - What’s new at Hair Solutions Co. — a quick tour (https://app.notion.com/p/CP-Launch-02-What-s-new-at-Hair-Solutions-Co-a-quick-tour-332ff19d8d864d6e83c3f967244a4608?pvs=21), CP-W4-First-Order - Celebrate our launch — 10% off your first order (https://app.notion.com/p/CP-W4-First-Order-Celebrate-our-launch-10-off-your-first-order-48c9e7d822c14c4e83382da8537d414b?pvs=21), J1-E3 - Educational — Understanding Base Types (https://app.notion.com/p/J1-E3-Educational-Understanding-Base-Types-3514311ddd5581d284e9fd0eb79de854?pvs=21), J2-E3 - Style Inspiration (https://app.notion.com/p/J2-E3-Style-Inspiration-3514311ddd55812a8869e5ce5d85b4f9?pvs=21), J2-E2 - How Hair Systems Work (https://app.notion.com/p/J2-E2-How-Hair-Systems-Work-3514311ddd558135b6a6c08018e11cc8?pvs=21), J2-E4 - Maintenance Tips — Seasonal (https://app.notion.com/p/J2-E4-Maintenance-Tips-Seasonal-3514311ddd5581b69396dd339a8159d2?pvs=21), J3-E2 - Preparation Guide (https://app.notion.com/p/J3-E2-Preparation-Guide-3514311ddd55812dacdbed14a20921ab?pvs=21), J3-E5 - Maintenance Academy — Week 1 (Cleansing) (https://app.notion.com/p/J3-E5-Maintenance-Academy-Week-1-Cleansing-3514311ddd5581c4bd9ec6a164b95e89?pvs=21), J3-E6 - Maintenance Academy — Week 2 (Conditioning and Drying) (https://app.notion.com/p/J3-E6-Maintenance-Academy-Week-2-Conditioning-and-Drying-3514311ddd5581428934c5882f76b4c8?pvs=21), J3-E7 - Styling and Removal (https://app.notion.com/p/J3-E7-Styling-and-Removal-3514311ddd558134b18aedcd785ee2f3?pvs=21), J4-E1 - Mid-Cycle Care Check (https://app.notion.com/p/J4-E1-Mid-Cycle-Care-Check-3514311ddd55812cb4c8defbc2ed7282?pvs=21), J4-E2 - Replacement Nudge (https://app.notion.com/p/J4-E2-Replacement-Nudge-3514311ddd55818ba273c320c070db5b?pvs=21), J4-E3 - Loyalty Hook (https://app.notion.com/p/J4-E3-Loyalty-Hook-3514311ddd5581009250c8fb8dbbed70?pvs=21), J6-E1 - Loyalty Acknowledgment (https://app.notion.com/p/J6-E1-Loyalty-Acknowledgment-3514311ddd5581169875c0130a2f14b9?pvs=21), J5-E2 - Artisan Update — New Technology (https://app.notion.com/p/J5-E2-Artisan-Update-New-Technology-3514311ddd55815f8ddecafa6efbe02d?pvs=21), J5-E1 - Annual Recap (https://app.notion.com/p/J5-E1-Annual-Recap-3514311ddd558112b3c8c4ad50449591?pvs=21), J6-E2 - Math of Value (https://app.notion.com/p/J6-E2-Math-of-Value-3514311ddd5581cb9204d6e6aaa6545c?pvs=21), J6-E4 - VIP Offer (https://app.notion.com/p/J6-E4-VIP-Offer-3514311ddd558186bd8bcb9d8349c389?pvs=21), J6-E3 - Peace of Mind (https://app.notion.com/p/J6-E3-Peace-of-Mind-3514311ddd55818b9c74e0cd1e7ac794?pvs=21), J7-E2 - What’s New (https://app.notion.com/p/J7-E2-What-s-New-3514311ddd55816cbbd9ca4ae4c48834?pvs=21), J7-E3 - Specific Offer (https://app.notion.com/p/J7-E3-Specific-Offer-3514311ddd5581ef9f9de3672d2e74ce?pvs=21), J8-E1 - 30-Day Success Snapshot (https://app.notion.com/p/J8-E1-30-Day-Success-Snapshot-3514311ddd5581fab02ce4a649cdb73a?pvs=21), CS-S-PDS - Products & services information - supporting (https://app.notion.com/p/CS-S-PDS-Products-services-information-supporting-3514311ddd5581539768e5a00eed2354?pvs=21)",Planning concept should be fulfilled by active family/families: Goal-based recommendation.
CTA,Planning,Section block,CTA,Mapped to active module family,,,,,,,,"Lifecycle, Marketing, Operational, Sales, Service",Use once as the primary conversion or service action for the email.,All section 18 email blueprints,,,,,,18.1 Standard section vocabulary,Canonical,"J2-Ongoing - Monthly Newsletter (https://app.notion.com/p/J2-Ongoing-Monthly-Newsletter-94465eeaafc3411da9bdcd45d518363b?pvs=21), CP-W2-Trust - A personal note from Vincent — our promise to you (https://app.notion.com/p/CP-W2-Trust-A-personal-note-from-Vincent-our-promise-to-you-6b9feed8bda142c7a15ecf8d441c9eca?pvs=21), CP-W3-Education - Lace vs. Poly — The ultimate guide to choosing your base (https://app.notion.com/p/CP-W3-Education-Lace-vs-Poly-The-ultimate-guide-to-choosing-your-base-b4464ab6d465412c8d5cb5f6d51a4356?pvs=21), CP-Launch-01 - Introducing Hair Solutions Co. — We’ve rebuilt everything (https://app.notion.com/p/CP-Launch-01-Introducing-Hair-Solutions-Co-We-ve-rebuilt-everything-c7463648aecf485296149c0b05ed2d0f?pvs=21), CP-Launch-02 - What’s new at Hair Solutions Co. — a quick tour (https://app.notion.com/p/CP-Launch-02-What-s-new-at-Hair-Solutions-Co-a-quick-tour-332ff19d8d864d6e83c3f967244a4608?pvs=21), CP-W4-First-Order - Celebrate our launch — 10% off your first order (https://app.notion.com/p/CP-W4-First-Order-Celebrate-our-launch-10-off-your-first-order-48c9e7d822c14c4e83382da8537d414b?pvs=21), CP-W4-Social-Proof - Real results from real customers (https://app.notion.com/p/CP-W4-Social-Proof-Real-results-from-real-customers-7b116659f6474fc0bc231e556af9c426?pvs=21), J1-E1 - Welcome and Resource Delivery (https://app.notion.com/p/J1-E1-Welcome-and-Resource-Delivery-3514311ddd55813f80f4ee5c959b3ed2?pvs=21), J1-E4 - Social Proof Wall (https://app.notion.com/p/J1-E4-Social-Proof-Wall-3514311ddd5581aebcf8dbed447fcc60?pvs=21), J1-E5 - Consultation Invitation (https://app.notion.com/p/J1-E5-Consultation-Invitation-3514311ddd55817387cfd01d13d5dbfc?pvs=21), J1-E2 - Brand Story and Mission (https://app.notion.com/p/J1-E2-Brand-Story-and-Mission-3514311ddd5581ff9fd9e89760c8b676?pvs=21), J1-E3 - Educational — Understanding Base Types (https://app.notion.com/p/J1-E3-Educational-Understanding-Base-Types-3514311ddd5581d284e9fd0eb79de854?pvs=21), J2-E1 - Newsletter Welcome (https://app.notion.com/p/J2-E1-Newsletter-Welcome-3514311ddd558189a45bd236db4cb588?pvs=21), J2-E3 - Style Inspiration (https://app.notion.com/p/J2-E3-Style-Inspiration-3514311ddd55812a8869e5ce5d85b4f9?pvs=21), J2-E2 - How Hair Systems Work (https://app.notion.com/p/J2-E2-How-Hair-Systems-Work-3514311ddd558135b6a6c08018e11cc8?pvs=21), J2-E4 - Maintenance Tips — Seasonal (https://app.notion.com/p/J2-E4-Maintenance-Tips-Seasonal-3514311ddd5581b69396dd339a8159d2?pvs=21), J2-E5 - Soft Consultation Invite (https://app.notion.com/p/J2-E5-Soft-Consultation-Invite-3514311ddd55813cbf03e5060855dfba?pvs=21), J3-E1 - Order Confirmation — ""Artisan Commencement"" (https://app.notion.com/p/J3-E1-Order-Confirmation-Artisan-Commencement-3514311ddd5581979698ed8d51555441?pvs=21), J3-E2 - Preparation Guide (https://app.notion.com/p/J3-E2-Preparation-Guide-3514311ddd55812dacdbed14a20921ab?pvs=21), J3-E4 - Arrival Check-In (https://app.notion.com/p/J3-E4-Arrival-Check-In-3514311ddd5581a8a3c2e8fd46b7edb4?pvs=21), J3-E3 - Shipping Notification (https://app.notion.com/p/J3-E3-Shipping-Notification-3514311ddd5581f7a2a5f00b7dc767ef?pvs=21), J3-E5 - Maintenance Academy — Week 1 (Cleansing) (https://app.notion.com/p/J3-E5-Maintenance-Academy-Week-1-Cleansing-3514311ddd5581c4bd9ec6a164b95e89?pvs=21), J3-E6 - Maintenance Academy — Week 2 (Conditioning and Drying) (https://app.notion.com/p/J3-E6-Maintenance-Academy-Week-2-Conditioning-and-Drying-3514311ddd5581428934c5882f76b4c8?pvs=21), J3-E7 - Styling and Removal (https://app.notion.com/p/J3-E7-Styling-and-Removal-3514311ddd558134b18aedcd785ee2f3?pvs=21), J3-E8 - Review Request and Next Steps (https://app.notion.com/p/J3-E8-Review-Request-and-Next-Steps-3514311ddd55811ab4f3d8151015bf1a?pvs=21), J4-E1 - Mid-Cycle Care Check (https://app.notion.com/p/J4-E1-Mid-Cycle-Care-Check-3514311ddd55812cb4c8defbc2ed7282?pvs=21), J4-E2 - Replacement Nudge (https://app.notion.com/p/J4-E2-Replacement-Nudge-3514311ddd55818ba273c320c070db5b?pvs=21), J4-E3 - Loyalty Hook (https://app.notion.com/p/J4-E3-Loyalty-Hook-3514311ddd5581009250c8fb8dbbed70?pvs=21), J6-E1 - Loyalty Acknowledgment (https://app.notion.com/p/J6-E1-Loyalty-Acknowledgment-3514311ddd5581169875c0130a2f14b9?pvs=21), J5-E4 - VIP Maintenance Check-In (https://app.notion.com/p/J5-E4-VIP-Maintenance-Check-In-3514311ddd5581088b00c236607df880?pvs=21), J5-E2 - Artisan Update — New Technology (https://app.notion.com/p/J5-E2-Artisan-Update-New-Technology-3514311ddd55815f8ddecafa6efbe02d?pvs=21), J5-E3 - Birthday or Fitting Anniversary (https://app.notion.com/p/J5-E3-Birthday-or-Fitting-Anniversary-3514311ddd5581c6b290dc41d0f3b701?pvs=21), J5-E1 - Annual Recap (https://app.notion.com/p/J5-E1-Annual-Recap-3514311ddd558112b3c8c4ad50449591?pvs=21), J6-E2 - Math of Value (https://app.notion.com/p/J6-E2-Math-of-Value-3514311ddd5581cb9204d6e6aaa6545c?pvs=21), J6-E4 - VIP Offer (https://app.notion.com/p/J6-E4-VIP-Offer-3514311ddd558186bd8bcb9d8349c389?pvs=21), J6-E3 - Peace of Mind (https://app.notion.com/p/J6-E3-Peace-of-Mind-3514311ddd55818b9c74e0cd1e7ac794?pvs=21), J7-E1 - Human Note (https://app.notion.com/p/J7-E1-Human-Note-3514311ddd55810e8f66ea11972a359e?pvs=21), J7-E2 - What’s New (https://app.notion.com/p/J7-E2-What-s-New-3514311ddd55816cbbd9ca4ae4c48834?pvs=21), J7-E3 - Specific Offer (https://app.notion.com/p/J7-E3-Specific-Offer-3514311ddd5581ef9f9de3672d2e74ce?pvs=21), J7-E4 - Sunset Notice (https://app.notion.com/p/J7-E4-Sunset-Notice-3514311ddd5581e9ad0df5feaeb354e2?pvs=21), J8-E1 - 30-Day Success Snapshot (https://app.notion.com/p/J8-E1-30-Day-Success-Snapshot-3514311ddd5581fab02ce4a649cdb73a?pvs=21), J8-E2 - 14-Day Heads-Up (https://app.notion.com/p/J8-E2-14-Day-Heads-Up-3514311ddd5581d4a769c0a1cfe14c58?pvs=21), J8-E3 - 7-Day Urgency (https://app.notion.com/p/J8-E3-7-Day-Urgency-3514311ddd55816cb2d1ecdb197ced1f?pvs=21), J8-E4 - Final Confirmation (https://app.notion.com/p/J8-E4-Final-Confirmation-3514311ddd55817ca8e7fd48970bf7e1?pvs=21), SUPP-D1 - Payment Failed Immediate Notice (https://app.notion.com/p/SUPP-D1-Payment-Failed-Immediate-Notice-3514311ddd5581d3bbfbfdd120685d01?pvs=21), SUPP-D2 - Grace Period Reminder (https://app.notion.com/p/SUPP-D2-Grace-Period-Reminder-3514311ddd55815b9b6fd5d605df6321?pvs=21), CS-R-NLP - Consultation recap - no local partner (https://app.notion.com/p/CS-R-NLP-Consultation-recap-no-local-partner-3514311ddd5581ba8ffcf61c767922f5?pvs=21), CS-R-USD - Consultation recap - standard currency variant (https://app.notion.com/p/CS-R-USD-Consultation-recap-standard-currency-variant-3514311ddd5581a48ccbf22277cce14e?pvs=21), CS-R-GBP - Consultation recap - standard currency variant (https://app.notion.com/p/CS-R-GBP-Consultation-recap-standard-currency-variant-3514311ddd55815cb608c14701fa3d67?pvs=21), CS-R-CAD - Consultation recap - standard currency variant (https://app.notion.com/p/CS-R-CAD-Consultation-recap-standard-currency-variant-3514311ddd55817bbc62d76746d3727c?pvs=21), CS-R-EUR - Consultation recap - standard currency variant (https://app.notion.com/p/CS-R-EUR-Consultation-recap-standard-currency-variant-3514311ddd558127a2e4c649a38feedd?pvs=21), CS-F-D5 - Follow-up day 5 (https://app.notion.com/p/CS-F-D5-Follow-up-day-5-3514311ddd5581dea787f6fcf82ed3e7?pvs=21), CS-R-CSU - Consultation recap - current system user (https://app.notion.com/p/CS-R-CSU-Consultation-recap-current-system-user-3514311ddd55818f99c6c75c2200ab77?pvs=21), CS-R-FP - Consultation recap - front partial (https://app.notion.com/p/CS-R-FP-Consultation-recap-front-partial-3514311ddd55814ca993c223be5af087?pvs=21), CS-F-D10 - Follow-up day 10 (https://app.notion.com/p/CS-F-D10-Follow-up-day-10-3514311ddd558122b28cc689b5be8704?pvs=21), CS-F-D90 - Follow-up day 90 reengagement (https://app.notion.com/p/CS-F-D90-Follow-up-day-90-reengagement-3514311ddd558186a62fe0cde5794a4b?pvs=21), CS-F-D5U - Follow-up day 5 - current user (https://app.notion.com/p/CS-F-D5U-Follow-up-day-5-current-user-3514311ddd5581e1bcf6c2617b65f1aa?pvs=21), CS-F-FCL - Final close loop (https://app.notion.com/p/CS-F-FCL-Final-close-loop-3514311ddd5581a593aac5fd7b6e77b7?pvs=21), CS-F-D10U - Follow-up day 10 - current user (https://app.notion.com/p/CS-F-D10U-Follow-up-day-10-current-user-3514311ddd5581768759c291e2fac6df?pvs=21), CS-S-PDS - Products & services information - supporting (https://app.notion.com/p/CS-S-PDS-Products-services-information-supporting-3514311ddd5581539768e5a00eed2354?pvs=21), CS-S-FER - First enquiry reply - supporting (https://app.notion.com/p/CS-S-FER-First-enquiry-reply-supporting-3514311ddd55816ca5dfe661a3a568c6?pvs=21), CS-S-HME - Home maintenance extension - supporting (https://app.notion.com/p/CS-S-HME-Home-maintenance-extension-supporting-3514311ddd5581489caac94bed164795?pvs=21)",Planning concept should be fulfilled by active family/families: Primary CTA.
Secondary CTA,Planning,Section block,Secondary CTA,Planning concept only,,,,,,,,"Lifecycle, Marketing, Sales, Service",Use when a softer path should sit beside the primary CTA without competing with it.,All section 18 email blueprints,,,,,,18.1 Standard section vocabulary,Canonical,"J2-Ongoing - Monthly Newsletter (https://app.notion.com/p/J2-Ongoing-Monthly-Newsletter-94465eeaafc3411da9bdcd45d518363b?pvs=21), CP-W2-Trust - A personal note from Vincent — our promise to you (https://app.notion.com/p/CP-W2-Trust-A-personal-note-from-Vincent-our-promise-to-you-6b9feed8bda142c7a15ecf8d441c9eca?pvs=21), CP-W3-Education - Lace vs. Poly — The ultimate guide to choosing your base (https://app.notion.com/p/CP-W3-Education-Lace-vs-Poly-The-ultimate-guide-to-choosing-your-base-b4464ab6d465412c8d5cb5f6d51a4356?pvs=21), CP-W4-First-Order - Celebrate our launch — 10% off your first order (https://app.notion.com/p/CP-W4-First-Order-Celebrate-our-launch-10-off-your-first-order-48c9e7d822c14c4e83382da8537d414b?pvs=21), CP-W4-Social-Proof - Real results from real customers (https://app.notion.com/p/CP-W4-Social-Proof-Real-results-from-real-customers-7b116659f6474fc0bc231e556af9c426?pvs=21), J1-E1 - Welcome and Resource Delivery (https://app.notion.com/p/J1-E1-Welcome-and-Resource-Delivery-3514311ddd55813f80f4ee5c959b3ed2?pvs=21), J1-E4 - Social Proof Wall (https://app.notion.com/p/J1-E4-Social-Proof-Wall-3514311ddd5581aebcf8dbed447fcc60?pvs=21), J1-E5 - Consultation Invitation (https://app.notion.com/p/J1-E5-Consultation-Invitation-3514311ddd55817387cfd01d13d5dbfc?pvs=21), J1-E2 - Brand Story and Mission (https://app.notion.com/p/J1-E2-Brand-Story-and-Mission-3514311ddd5581ff9fd9e89760c8b676?pvs=21), J1-E3 - Educational — Understanding Base Types (https://app.notion.com/p/J1-E3-Educational-Understanding-Base-Types-3514311ddd5581d284e9fd0eb79de854?pvs=21), J2-E1 - Newsletter Welcome (https://app.notion.com/p/J2-E1-Newsletter-Welcome-3514311ddd558189a45bd236db4cb588?pvs=21), J2-E3 - Style Inspiration (https://app.notion.com/p/J2-E3-Style-Inspiration-3514311ddd55812a8869e5ce5d85b4f9?pvs=21), J2-E2 - How Hair Systems Work (https://app.notion.com/p/J2-E2-How-Hair-Systems-Work-3514311ddd558135b6a6c08018e11cc8?pvs=21), J2-E4 - Maintenance Tips — Seasonal (https://app.notion.com/p/J2-E4-Maintenance-Tips-Seasonal-3514311ddd5581b69396dd339a8159d2?pvs=21), J2-E5 - Soft Consultation Invite (https://app.notion.com/p/J2-E5-Soft-Consultation-Invite-3514311ddd55813cbf03e5060855dfba?pvs=21), J3-E1 - Order Confirmation — ""Artisan Commencement"" (https://app.notion.com/p/J3-E1-Order-Confirmation-Artisan-Commencement-3514311ddd5581979698ed8d51555441?pvs=21), J3-E2 - Preparation Guide (https://app.notion.com/p/J3-E2-Preparation-Guide-3514311ddd55812dacdbed14a20921ab?pvs=21), J3-E4 - Arrival Check-In (https://app.notion.com/p/J3-E4-Arrival-Check-In-3514311ddd5581a8a3c2e8fd46b7edb4?pvs=21), J3-E3 - Shipping Notification (https://app.notion.com/p/J3-E3-Shipping-Notification-3514311ddd5581f7a2a5f00b7dc767ef?pvs=21), J3-E5 - Maintenance Academy — Week 1 (Cleansing) (https://app.notion.com/p/J3-E5-Maintenance-Academy-Week-1-Cleansing-3514311ddd5581c4bd9ec6a164b95e89?pvs=21), J3-E6 - Maintenance Academy — Week 2 (Conditioning and Drying) (https://app.notion.com/p/J3-E6-Maintenance-Academy-Week-2-Conditioning-and-Drying-3514311ddd5581428934c5882f76b4c8?pvs=21), J3-E7 - Styling and Removal (https://app.notion.com/p/J3-E7-Styling-and-Removal-3514311ddd558134b18aedcd785ee2f3?pvs=21), J3-E8 - Review Request and Next Steps (https://app.notion.com/p/J3-E8-Review-Request-and-Next-Steps-3514311ddd55811ab4f3d8151015bf1a?pvs=21), J4-E1 - Mid-Cycle Care Check (https://app.notion.com/p/J4-E1-Mid-Cycle-Care-Check-3514311ddd55812cb4c8defbc2ed7282?pvs=21), J4-E2 - Replacement Nudge (https://app.notion.com/p/J4-E2-Replacement-Nudge-3514311ddd55818ba273c320c070db5b?pvs=21), J4-E3 - Loyalty Hook (https://app.notion.com/p/J4-E3-Loyalty-Hook-3514311ddd5581009250c8fb8dbbed70?pvs=21), J6-E1 - Loyalty Acknowledgment (https://app.notion.com/p/J6-E1-Loyalty-Acknowledgment-3514311ddd5581169875c0130a2f14b9?pvs=21), J5-E4 - VIP Maintenance Check-In (https://app.notion.com/p/J5-E4-VIP-Maintenance-Check-In-3514311ddd5581088b00c236607df880?pvs=21), J5-E2 - Artisan Update — New Technology (https://app.notion.com/p/J5-E2-Artisan-Update-New-Technology-3514311ddd55815f8ddecafa6efbe02d?pvs=21), J5-E3 - Birthday or Fitting Anniversary (https://app.notion.com/p/J5-E3-Birthday-or-Fitting-Anniversary-3514311ddd5581c6b290dc41d0f3b701?pvs=21), J5-E1 - Annual Recap (https://app.notion.com/p/J5-E1-Annual-Recap-3514311ddd558112b3c8c4ad50449591?pvs=21), J6-E2 - Math of Value (https://app.notion.com/p/J6-E2-Math-of-Value-3514311ddd5581cb9204d6e6aaa6545c?pvs=21), J6-E4 - VIP Offer (https://app.notion.com/p/J6-E4-VIP-Offer-3514311ddd558186bd8bcb9d8349c389?pvs=21), J6-E3 - Peace of Mind (https://app.notion.com/p/J6-E3-Peace-of-Mind-3514311ddd55818b9c74e0cd1e7ac794?pvs=21), J7-E1 - Human Note (https://app.notion.com/p/J7-E1-Human-Note-3514311ddd55810e8f66ea11972a359e?pvs=21), J7-E2 - What’s New (https://app.notion.com/p/J7-E2-What-s-New-3514311ddd55816cbbd9ca4ae4c48834?pvs=21), J7-E3 - Specific Offer (https://app.notion.com/p/J7-E3-Specific-Offer-3514311ddd5581ef9f9de3672d2e74ce?pvs=21), J7-E4 - Sunset Notice (https://app.notion.com/p/J7-E4-Sunset-Notice-3514311ddd5581e9ad0df5feaeb354e2?pvs=21), J8-E1 - 30-Day Success Snapshot (https://app.notion.com/p/J8-E1-30-Day-Success-Snapshot-3514311ddd5581fab02ce4a649cdb73a?pvs=21), J8-E2 - 14-Day Heads-Up (https://app.notion.com/p/J8-E2-14-Day-Heads-Up-3514311ddd5581d4a769c0a1cfe14c58?pvs=21), J8-E3 - 7-Day Urgency (https://app.notion.com/p/J8-E3-7-Day-Urgency-3514311ddd55816cb2d1ecdb197ced1f?pvs=21), J8-E4 - Final Confirmation (https://app.notion.com/p/J8-E4-Final-Confirmation-3514311ddd55817ca8e7fd48970bf7e1?pvs=21), SUPP-D1 - Payment Failed Immediate Notice (https://app.notion.com/p/SUPP-D1-Payment-Failed-Immediate-Notice-3514311ddd5581d3bbfbfdd120685d01?pvs=21), SUPP-D2 - Grace Period Reminder (https://app.notion.com/p/SUPP-D2-Grace-Period-Reminder-3514311ddd55815b9b6fd5d605df6321?pvs=21), CS-R-NLP - Consultation recap - no local partner (https://app.notion.com/p/CS-R-NLP-Consultation-recap-no-local-partner-3514311ddd5581ba8ffcf61c767922f5?pvs=21), CS-R-USD - Consultation recap - standard currency variant (https://app.notion.com/p/CS-R-USD-Consultation-recap-standard-currency-variant-3514311ddd5581a48ccbf22277cce14e?pvs=21), CS-R-GBP - Consultation recap - standard currency variant (https://app.notion.com/p/CS-R-GBP-Consultation-recap-standard-currency-variant-3514311ddd55815cb608c14701fa3d67?pvs=21), CS-R-CAD - Consultation recap - standard currency variant (https://app.notion.com/p/CS-R-CAD-Consultation-recap-standard-currency-variant-3514311ddd55817bbc62d76746d3727c?pvs=21), CS-R-EUR - Consultation recap - standard currency variant (https://app.notion.com/p/CS-R-EUR-Consultation-recap-standard-currency-variant-3514311ddd558127a2e4c649a38feedd?pvs=21), CS-F-D5 - Follow-up day 5 (https://app.notion.com/p/CS-F-D5-Follow-up-day-5-3514311ddd5581dea787f6fcf82ed3e7?pvs=21), CS-R-CSU - Consultation recap - current system user (https://app.notion.com/p/CS-R-CSU-Consultation-recap-current-system-user-3514311ddd55818f99c6c75c2200ab77?pvs=21), CS-R-FP - Consultation recap - front partial (https://app.notion.com/p/CS-R-FP-Consultation-recap-front-partial-3514311ddd55814ca993c223be5af087?pvs=21), CS-F-D10 - Follow-up day 10 (https://app.notion.com/p/CS-F-D10-Follow-up-day-10-3514311ddd558122b28cc689b5be8704?pvs=21), CS-F-D90 - Follow-up day 90 reengagement (https://app.notion.com/p/CS-F-D90-Follow-up-day-90-reengagement-3514311ddd558186a62fe0cde5794a4b?pvs=21), CS-F-D5U - Follow-up day 5 - current user (https://app.notion.com/p/CS-F-D5U-Follow-up-day-5-current-user-3514311ddd5581e1bcf6c2617b65f1aa?pvs=21), CS-F-FCL - Final close loop (https://app.notion.com/p/CS-F-FCL-Final-close-loop-3514311ddd5581a593aac5fd7b6e77b7?pvs=21), CS-F-D10U - Follow-up day 10 - current user (https://app.notion.com/p/CS-F-D10U-Follow-up-day-10-current-user-3514311ddd5581768759c291e2fac6df?pvs=21), CS-S-PDS - Products & services information - supporting (https://app.notion.com/p/CS-S-PDS-Products-services-information-supporting-3514311ddd5581539768e5a00eed2354?pvs=21), CS-S-FER - First enquiry reply - supporting (https://app.notion.com/p/CS-S-FER-First-enquiry-reply-supporting-3514311ddd55816ca5dfe661a3a568c6?pvs=21), CS-S-HME - Home maintenance extension - supporting (https://app.notion.com/p/CS-S-HME-Home-maintenance-extension-supporting-3514311ddd5581489caac94bed164795?pvs=21)",No current active module family. Keep only if useful for blueprint planning.
Founder note,Planning,Section block,Founder note,Mapped to active module family,,,,,,,,"Lifecycle, Marketing, Sales, Service","Use when the email benefits from personal, founder-led reassurance or relationship-building.","J1, J3, J5, J6, J7, campaigns, consultation emails",,,,,,18.1 Standard section vocabulary,Canonical,"CP-W2-Trust - A personal note from Vincent — our promise to you (https://app.notion.com/p/CP-W2-Trust-A-personal-note-from-Vincent-our-promise-to-you-6b9feed8bda142c7a15ecf8d441c9eca?pvs=21), CP-Launch-01 - Introducing Hair Solutions Co. — We’ve rebuilt everything (https://app.notion.com/p/CP-Launch-01-Introducing-Hair-Solutions-Co-We-ve-rebuilt-everything-c7463648aecf485296149c0b05ed2d0f?pvs=21), J1-E1 - Welcome and Resource Delivery (https://app.notion.com/p/J1-E1-Welcome-and-Resource-Delivery-3514311ddd55813f80f4ee5c959b3ed2?pvs=21), J1-E5 - Consultation Invitation (https://app.notion.com/p/J1-E5-Consultation-Invitation-3514311ddd55817387cfd01d13d5dbfc?pvs=21), J1-E2 - Brand Story and Mission (https://app.notion.com/p/J1-E2-Brand-Story-and-Mission-3514311ddd5581ff9fd9e89760c8b676?pvs=21), J2-E5 - Soft Consultation Invite (https://app.notion.com/p/J2-E5-Soft-Consultation-Invite-3514311ddd55813cbf03e5060855dfba?pvs=21), J3-E1 - Order Confirmation — ""Artisan Commencement"" (https://app.notion.com/p/J3-E1-Order-Confirmation-Artisan-Commencement-3514311ddd5581979698ed8d51555441?pvs=21), J3-E8 - Review Request and Next Steps (https://app.notion.com/p/J3-E8-Review-Request-and-Next-Steps-3514311ddd55811ab4f3d8151015bf1a?pvs=21), J6-E1 - Loyalty Acknowledgment (https://app.notion.com/p/J6-E1-Loyalty-Acknowledgment-3514311ddd5581169875c0130a2f14b9?pvs=21), J5-E4 - VIP Maintenance Check-In (https://app.notion.com/p/J5-E4-VIP-Maintenance-Check-In-3514311ddd5581088b00c236607df880?pvs=21), J5-E3 - Birthday or Fitting Anniversary (https://app.notion.com/p/J5-E3-Birthday-or-Fitting-Anniversary-3514311ddd5581c6b290dc41d0f3b701?pvs=21), J5-E1 - Annual Recap (https://app.notion.com/p/J5-E1-Annual-Recap-3514311ddd558112b3c8c4ad50449591?pvs=21), J7-E1 - Human Note (https://app.notion.com/p/J7-E1-Human-Note-3514311ddd55810e8f66ea11972a359e?pvs=21), CS-R-NLP - Consultation recap - no local partner (https://app.notion.com/p/CS-R-NLP-Consultation-recap-no-local-partner-3514311ddd5581ba8ffcf61c767922f5?pvs=21), CS-R-USD - Consultation recap - standard currency variant (https://app.notion.com/p/CS-R-USD-Consultation-recap-standard-currency-variant-3514311ddd5581a48ccbf22277cce14e?pvs=21), CS-R-GBP - Consultation recap - standard currency variant (https://app.notion.com/p/CS-R-GBP-Consultation-recap-standard-currency-variant-3514311ddd55815cb608c14701fa3d67?pvs=21), CS-R-CAD - Consultation recap - standard currency variant (https://app.notion.com/p/CS-R-CAD-Consultation-recap-standard-currency-variant-3514311ddd55817bbc62d76746d3727c?pvs=21), CS-R-EUR - Consultation recap - standard currency variant (https://app.notion.com/p/CS-R-EUR-Consultation-recap-standard-currency-variant-3514311ddd558127a2e4c649a38feedd?pvs=21), CS-F-D5 - Follow-up day 5 (https://app.notion.com/p/CS-F-D5-Follow-up-day-5-3514311ddd5581dea787f6fcf82ed3e7?pvs=21), CS-R-CSU - Consultation recap - current system user (https://app.notion.com/p/CS-R-CSU-Consultation-recap-current-system-user-3514311ddd55818f99c6c75c2200ab77?pvs=21), CS-F-D10 - Follow-up day 10 (https://app.notion.com/p/CS-F-D10-Follow-up-day-10-3514311ddd558122b28cc689b5be8704?pvs=21), CS-F-D90 - Follow-up day 90 reengagement (https://app.notion.com/p/CS-F-D90-Follow-up-day-90-reengagement-3514311ddd558186a62fe0cde5794a4b?pvs=21), CS-F-D5U - Follow-up day 5 - current user (https://app.notion.com/p/CS-F-D5U-Follow-up-day-5-current-user-3514311ddd5581e1bcf6c2617b65f1aa?pvs=21), CS-F-FCL - Final close loop (https://app.notion.com/p/CS-F-FCL-Final-close-loop-3514311ddd5581a593aac5fd7b6e77b7?pvs=21), CS-F-D10U - Follow-up day 10 - current user (https://app.notion.com/p/CS-F-D10U-Follow-up-day-10-current-user-3514311ddd5581768759c291e2fac6df?pvs=21)",Planning concept should be fulfilled by active family/families: Founder pillars.
FAQ block,Planning,Section block,FAQ block,Active module family,CORE - Text - FAQ block - Light,email_modules/core/faq_block.module,CORE - Text - FAQ block - Dark,email_modules/core/faq_block_dark.module,Editable,11.0,Eyebrow (text); Heading (text); Intro text (richtext); Question 1 (text); Answer 1 (richtext); Question 2 (text); Answer 2 (richtext); Question 3 (text); Answer 3 (richtext); Question 4 (text); Answer 4 (richtext),"Lifecycle, Marketing, Sales, Service, Supporting",Use in the overcommunication section when likely reader questions should be answered before action.,All section 18 blueprints except very short/plain operational emails where unnecessary,HubSpot Design Manager email_modules,"Editable text, rich text, and URL fields only; no raw HTML required",Operator-safe defaults included; empty optional text still leaves readable structure,"Brand voice, claims, consent, and CTA restraint",Core Palette v1 compliant local build; not deployed to HubSpot,18.1 Standard section vocabulary,Canonical active module,"J2-Ongoing - Monthly Newsletter (https://app.notion.com/p/J2-Ongoing-Monthly-Newsletter-94465eeaafc3411da9bdcd45d518363b?pvs=21), CP-W3-Education - Lace vs. Poly — The ultimate guide to choosing your base (https://app.notion.com/p/CP-W3-Education-Lace-vs-Poly-The-ultimate-guide-to-choosing-your-base-b4464ab6d465412c8d5cb5f6d51a4356?pvs=21), CP-Launch-02 - What’s new at Hair Solutions Co. — a quick tour (https://app.notion.com/p/CP-Launch-02-What-s-new-at-Hair-Solutions-Co-a-quick-tour-332ff19d8d864d6e83c3f967244a4608?pvs=21), CP-W4-First-Order - Celebrate our launch — 10% off your first order (https://app.notion.com/p/CP-W4-First-Order-Celebrate-our-launch-10-off-your-first-order-48c9e7d822c14c4e83382da8537d414b?pvs=21), CP-W4-Social-Proof - Real results from real customers (https://app.notion.com/p/CP-W4-Social-Proof-Real-results-from-real-customers-7b116659f6474fc0bc231e556af9c426?pvs=21), J1-E4 - Social Proof Wall (https://app.notion.com/p/J1-E4-Social-Proof-Wall-3514311ddd5581aebcf8dbed447fcc60?pvs=21), J1-E5 - Consultation Invitation (https://app.notion.com/p/J1-E5-Consultation-Invitation-3514311ddd55817387cfd01d13d5dbfc?pvs=21), J1-E3 - Educational — Understanding Base Types (https://app.notion.com/p/J1-E3-Educational-Understanding-Base-Types-3514311ddd5581d284e9fd0eb79de854?pvs=21), J2-E1 - Newsletter Welcome (https://app.notion.com/p/J2-E1-Newsletter-Welcome-3514311ddd558189a45bd236db4cb588?pvs=21), J2-E3 - Style Inspiration (https://app.notion.com/p/J2-E3-Style-Inspiration-3514311ddd55812a8869e5ce5d85b4f9?pvs=21), J2-E2 - How Hair Systems Work (https://app.notion.com/p/J2-E2-How-Hair-Systems-Work-3514311ddd558135b6a6c08018e11cc8?pvs=21), J2-E4 - Maintenance Tips — Seasonal (https://app.notion.com/p/J2-E4-Maintenance-Tips-Seasonal-3514311ddd5581b69396dd339a8159d2?pvs=21), J2-E5 - Soft Consultation Invite (https://app.notion.com/p/J2-E5-Soft-Consultation-Invite-3514311ddd55813cbf03e5060855dfba?pvs=21), J3-E1 - Order Confirmation — ""Artisan Commencement"" (https://app.notion.com/p/J3-E1-Order-Confirmation-Artisan-Commencement-3514311ddd5581979698ed8d51555441?pvs=21), J3-E2 - Preparation Guide (https://app.notion.com/p/J3-E2-Preparation-Guide-3514311ddd55812dacdbed14a20921ab?pvs=21), J3-E4 - Arrival Check-In (https://app.notion.com/p/J3-E4-Arrival-Check-In-3514311ddd5581a8a3c2e8fd46b7edb4?pvs=21), J3-E3 - Shipping Notification (https://app.notion.com/p/J3-E3-Shipping-Notification-3514311ddd5581f7a2a5f00b7dc767ef?pvs=21), J3-E5 - Maintenance Academy — Week 1 (Cleansing) (https://app.notion.com/p/J3-E5-Maintenance-Academy-Week-1-Cleansing-3514311ddd5581c4bd9ec6a164b95e89?pvs=21), J3-E6 - Maintenance Academy — Week 2 (Conditioning and Drying) (https://app.notion.com/p/J3-E6-Maintenance-Academy-Week-2-Conditioning-and-Drying-3514311ddd5581428934c5882f76b4c8?pvs=21), J3-E7 - Styling and Removal (https://app.notion.com/p/J3-E7-Styling-and-Removal-3514311ddd558134b18aedcd785ee2f3?pvs=21), J3-E8 - Review Request and Next Steps (https://app.notion.com/p/J3-E8-Review-Request-and-Next-Steps-3514311ddd55811ab4f3d8151015bf1a?pvs=21), J4-E1 - Mid-Cycle Care Check (https://app.notion.com/p/J4-E1-Mid-Cycle-Care-Check-3514311ddd55812cb4c8defbc2ed7282?pvs=21), J4-E2 - Replacement Nudge (https://app.notion.com/p/J4-E2-Replacement-Nudge-3514311ddd55818ba273c320c070db5b?pvs=21), J4-E3 - Loyalty Hook (https://app.notion.com/p/J4-E3-Loyalty-Hook-3514311ddd5581009250c8fb8dbbed70?pvs=21), J6-E1 - Loyalty Acknowledgment (https://app.notion.com/p/J6-E1-Loyalty-Acknowledgment-3514311ddd5581169875c0130a2f14b9?pvs=21), J5-E4 - VIP Maintenance Check-In (https://app.notion.com/p/J5-E4-VIP-Maintenance-Check-In-3514311ddd5581088b00c236607df880?pvs=21), J5-E2 - Artisan Update — New Technology (https://app.notion.com/p/J5-E2-Artisan-Update-New-Technology-3514311ddd55815f8ddecafa6efbe02d?pvs=21), J5-E3 - Birthday or Fitting Anniversary (https://app.notion.com/p/J5-E3-Birthday-or-Fitting-Anniversary-3514311ddd5581c6b290dc41d0f3b701?pvs=21), J5-E1 - Annual Recap (https://app.notion.com/p/J5-E1-Annual-Recap-3514311ddd558112b3c8c4ad50449591?pvs=21), J6-E2 - Math of Value (https://app.notion.com/p/J6-E2-Math-of-Value-3514311ddd5581cb9204d6e6aaa6545c?pvs=21), J6-E4 - VIP Offer (https://app.notion.com/p/J6-E4-VIP-Offer-3514311ddd558186bd8bcb9d8349c389?pvs=21), J6-E3 - Peace of Mind (https://app.notion.com/p/J6-E3-Peace-of-Mind-3514311ddd55818b9c74e0cd1e7ac794?pvs=21), J7-E1 - Human Note (https://app.notion.com/p/J7-E1-Human-Note-3514311ddd55810e8f66ea11972a359e?pvs=21), J7-E2 - What’s New (https://app.notion.com/p/J7-E2-What-s-New-3514311ddd55816cbbd9ca4ae4c48834?pvs=21), J7-E3 - Specific Offer (https://app.notion.com/p/J7-E3-Specific-Offer-3514311ddd5581ef9f9de3672d2e74ce?pvs=21), J7-E4 - Sunset Notice (https://app.notion.com/p/J7-E4-Sunset-Notice-3514311ddd5581e9ad0df5feaeb354e2?pvs=21), J8-E1 - 30-Day Success Snapshot (https://app.notion.com/p/J8-E1-30-Day-Success-Snapshot-3514311ddd5581fab02ce4a649cdb73a?pvs=21), J8-E2 - 14-Day Heads-Up (https://app.notion.com/p/J8-E2-14-Day-Heads-Up-3514311ddd5581d4a769c0a1cfe14c58?pvs=21), J8-E3 - 7-Day Urgency (https://app.notion.com/p/J8-E3-7-Day-Urgency-3514311ddd55816cb2d1ecdb197ced1f?pvs=21), CS-R-NLP - Consultation recap - no local partner (https://app.notion.com/p/CS-R-NLP-Consultation-recap-no-local-partner-3514311ddd5581ba8ffcf61c767922f5?pvs=21), CS-R-USD - Consultation recap - standard currency variant (https://app.notion.com/p/CS-R-USD-Consultation-recap-standard-currency-variant-3514311ddd5581a48ccbf22277cce14e?pvs=21), CS-R-GBP - Consultation recap - standard currency variant (https://app.notion.com/p/CS-R-GBP-Consultation-recap-standard-currency-variant-3514311ddd55815cb608c14701fa3d67?pvs=21), CS-R-CAD - Consultation recap - standard currency variant (https://app.notion.com/p/CS-R-CAD-Consultation-recap-standard-currency-variant-3514311ddd55817bbc62d76746d3727c?pvs=21), CS-R-EUR - Consultation recap - standard currency variant (https://app.notion.com/p/CS-R-EUR-Consultation-recap-standard-currency-variant-3514311ddd558127a2e4c649a38feedd?pvs=21), CS-F-D5 - Follow-up day 5 (https://app.notion.com/p/CS-F-D5-Follow-up-day-5-3514311ddd5581dea787f6fcf82ed3e7?pvs=21), CS-R-CSU - Consultation recap - current system user (https://app.notion.com/p/CS-R-CSU-Consultation-recap-current-system-user-3514311ddd55818f99c6c75c2200ab77?pvs=21), CS-R-FP - Consultation recap - front partial (https://app.notion.com/p/CS-R-FP-Consultation-recap-front-partial-3514311ddd55814ca993c223be5af087?pvs=21), CS-F-D10 - Follow-up day 10 (https://app.notion.com/p/CS-F-D10-Follow-up-day-10-3514311ddd558122b28cc689b5be8704?pvs=21), CS-F-D90 - Follow-up day 90 reengagement (https://app.notion.com/p/CS-F-D90-Follow-up-day-90-reengagement-3514311ddd558186a62fe0cde5794a4b?pvs=21), CS-F-D5U - Follow-up day 5 - current user (https://app.notion.com/p/CS-F-D5U-Follow-up-day-5-current-user-3514311ddd5581e1bcf6c2617b65f1aa?pvs=21), CS-F-FCL - Final close loop (https://app.notion.com/p/CS-F-FCL-Final-close-loop-3514311ddd5581a593aac5fd7b6e77b7?pvs=21), CS-F-D10U - Follow-up day 10 - current user (https://app.notion.com/p/CS-F-D10U-Follow-up-day-10-current-user-3514311ddd5581768759c291e2fac6df?pvs=21), CS-S-PDS - Products & services information - supporting (https://app.notion.com/p/CS-S-PDS-Products-services-information-supporting-3514311ddd5581539768e5a00eed2354?pvs=21), CS-S-FER - First enquiry reply - supporting (https://app.notion.com/p/CS-S-FER-First-enquiry-reply-supporting-3514311ddd55816ca5dfe661a3a568c6?pvs=21), CS-S-HME - Home maintenance extension - supporting (https://app.notion.com/p/CS-S-HME-Home-maintenance-extension-supporting-3514311ddd5581489caac94bed164795?pvs=21)",Built locally 2026-07-03 as CORE Light/Dark module family. Requires HubSpot deployment approval before live Design Manager use.
Proof,Planning,Section block,Proof,Active module family,CORE - Text - Proof - Light,email_modules/core/proof.module,CORE - Text - Proof - Dark,email_modules/core/proof_dark.module,Editable,9.0,Eyebrow (text); Heading (text); Body (richtext); Proof 1 label (text); Proof 1 text (text); Proof 2 label (text); Proof 2 text (text); Proof 3 label (text); Proof 3 text (text),"Lifecycle, Marketing, Sales","Use when trust, risk reduction, or credibility is needed.","J1, J2, J3, J4, J5, J6, J7, campaigns",HubSpot Design Manager email_modules,"Editable text, rich text, and URL fields only; no raw HTML required",Operator-safe defaults included; empty optional text still leaves readable structure,"Brand voice, claims, consent, and CTA restraint",Core Palette v1 compliant local build; not deployed to HubSpot,18.1 Standard section vocabulary,Canonical active module,"J2-Ongoing - Monthly Newsletter (https://app.notion.com/p/J2-Ongoing-Monthly-Newsletter-94465eeaafc3411da9bdcd45d518363b?pvs=21), CP-W2-Trust - A personal note from Vincent — our promise to you (https://app.notion.com/p/CP-W2-Trust-A-personal-note-from-Vincent-our-promise-to-you-6b9feed8bda142c7a15ecf8d441c9eca?pvs=21), CP-Launch-01 - Introducing Hair Solutions Co. — We’ve rebuilt everything (https://app.notion.com/p/CP-Launch-01-Introducing-Hair-Solutions-Co-We-ve-rebuilt-everything-c7463648aecf485296149c0b05ed2d0f?pvs=21), CP-Launch-02 - What’s new at Hair Solutions Co. — a quick tour (https://app.notion.com/p/CP-Launch-02-What-s-new-at-Hair-Solutions-Co-a-quick-tour-332ff19d8d864d6e83c3f967244a4608?pvs=21), CP-W4-Social-Proof - Real results from real customers (https://app.notion.com/p/CP-W4-Social-Proof-Real-results-from-real-customers-7b116659f6474fc0bc231e556af9c426?pvs=21), J1-E1 - Welcome and Resource Delivery (https://app.notion.com/p/J1-E1-Welcome-and-Resource-Delivery-3514311ddd55813f80f4ee5c959b3ed2?pvs=21), J1-E4 - Social Proof Wall (https://app.notion.com/p/J1-E4-Social-Proof-Wall-3514311ddd5581aebcf8dbed447fcc60?pvs=21), J1-E5 - Consultation Invitation (https://app.notion.com/p/J1-E5-Consultation-Invitation-3514311ddd55817387cfd01d13d5dbfc?pvs=21), J1-E2 - Brand Story and Mission (https://app.notion.com/p/J1-E2-Brand-Story-and-Mission-3514311ddd5581ff9fd9e89760c8b676?pvs=21), J1-E3 - Educational — Understanding Base Types (https://app.notion.com/p/J1-E3-Educational-Understanding-Base-Types-3514311ddd5581d284e9fd0eb79de854?pvs=21), J2-E1 - Newsletter Welcome (https://app.notion.com/p/J2-E1-Newsletter-Welcome-3514311ddd558189a45bd236db4cb588?pvs=21), J2-E3 - Style Inspiration (https://app.notion.com/p/J2-E3-Style-Inspiration-3514311ddd55812a8869e5ce5d85b4f9?pvs=21), J2-E2 - How Hair Systems Work (https://app.notion.com/p/J2-E2-How-Hair-Systems-Work-3514311ddd558135b6a6c08018e11cc8?pvs=21), J2-E4 - Maintenance Tips — Seasonal (https://app.notion.com/p/J2-E4-Maintenance-Tips-Seasonal-3514311ddd5581b69396dd339a8159d2?pvs=21), J2-E5 - Soft Consultation Invite (https://app.notion.com/p/J2-E5-Soft-Consultation-Invite-3514311ddd55813cbf03e5060855dfba?pvs=21), J3-E1 - Order Confirmation — ""Artisan Commencement"" (https://app.notion.com/p/J3-E1-Order-Confirmation-Artisan-Commencement-3514311ddd5581979698ed8d51555441?pvs=21), J3-E2 - Preparation Guide (https://app.notion.com/p/J3-E2-Preparation-Guide-3514311ddd55812dacdbed14a20921ab?pvs=21), J3-E3 - Shipping Notification (https://app.notion.com/p/J3-E3-Shipping-Notification-3514311ddd5581f7a2a5f00b7dc767ef?pvs=21), J3-E5 - Maintenance Academy — Week 1 (Cleansing) (https://app.notion.com/p/J3-E5-Maintenance-Academy-Week-1-Cleansing-3514311ddd5581c4bd9ec6a164b95e89?pvs=21), J3-E6 - Maintenance Academy — Week 2 (Conditioning and Drying) (https://app.notion.com/p/J3-E6-Maintenance-Academy-Week-2-Conditioning-and-Drying-3514311ddd5581428934c5882f76b4c8?pvs=21), J3-E7 - Styling and Removal (https://app.notion.com/p/J3-E7-Styling-and-Removal-3514311ddd558134b18aedcd785ee2f3?pvs=21), J3-E8 - Review Request and Next Steps (https://app.notion.com/p/J3-E8-Review-Request-and-Next-Steps-3514311ddd55811ab4f3d8151015bf1a?pvs=21), J4-E1 - Mid-Cycle Care Check (https://app.notion.com/p/J4-E1-Mid-Cycle-Care-Check-3514311ddd55812cb4c8defbc2ed7282?pvs=21), J4-E2 - Replacement Nudge (https://app.notion.com/p/J4-E2-Replacement-Nudge-3514311ddd55818ba273c320c070db5b?pvs=21), J4-E3 - Loyalty Hook (https://app.notion.com/p/J4-E3-Loyalty-Hook-3514311ddd5581009250c8fb8dbbed70?pvs=21), J6-E1 - Loyalty Acknowledgment (https://app.notion.com/p/J6-E1-Loyalty-Acknowledgment-3514311ddd5581169875c0130a2f14b9?pvs=21), J5-E4 - VIP Maintenance Check-In (https://app.notion.com/p/J5-E4-VIP-Maintenance-Check-In-3514311ddd5581088b00c236607df880?pvs=21), J5-E2 - Artisan Update — New Technology (https://app.notion.com/p/J5-E2-Artisan-Update-New-Technology-3514311ddd55815f8ddecafa6efbe02d?pvs=21), J5-E1 - Annual Recap (https://app.notion.com/p/J5-E1-Annual-Recap-3514311ddd558112b3c8c4ad50449591?pvs=21), J6-E2 - Math of Value (https://app.notion.com/p/J6-E2-Math-of-Value-3514311ddd5581cb9204d6e6aaa6545c?pvs=21), J6-E4 - VIP Offer (https://app.notion.com/p/J6-E4-VIP-Offer-3514311ddd558186bd8bcb9d8349c389?pvs=21), J6-E3 - Peace of Mind (https://app.notion.com/p/J6-E3-Peace-of-Mind-3514311ddd55818b9c74e0cd1e7ac794?pvs=21), J7-E2 - What’s New (https://app.notion.com/p/J7-E2-What-s-New-3514311ddd55816cbbd9ca4ae4c48834?pvs=21), J8-E1 - 30-Day Success Snapshot (https://app.notion.com/p/J8-E1-30-Day-Success-Snapshot-3514311ddd5581fab02ce4a649cdb73a?pvs=21)",Built locally 2026-07-03 as CORE Light/Dark module family. Requires HubSpot deployment approval before live Design Manager use.
Footer,Planning,Section block,Footer,Mapped to active module family,,,,,,,,"Marketing, Operational, RevOps, Sales, Service",Use at the end of every email with the right compliance and service context.,All emails,,,,,,18.1 Standard section vocabulary,Canonical,"J2-Ongoing - Monthly Newsletter (https://app.notion.com/p/J2-Ongoing-Monthly-Newsletter-94465eeaafc3411da9bdcd45d518363b?pvs=21), CP-W2-Trust - A personal note from Vincent — our promise to you (https://app.notion.com/p/CP-W2-Trust-A-personal-note-from-Vincent-our-promise-to-you-6b9feed8bda142c7a15ecf8d441c9eca?pvs=21), CP-W3-Education - Lace vs. Poly — The ultimate guide to choosing your base (https://app.notion.com/p/CP-W3-Education-Lace-vs-Poly-The-ultimate-guide-to-choosing-your-base-b4464ab6d465412c8d5cb5f6d51a4356?pvs=21), CP-Launch-01 - Introducing Hair Solutions Co. — We’ve rebuilt everything (https://app.notion.com/p/CP-Launch-01-Introducing-Hair-Solutions-Co-We-ve-rebuilt-everything-c7463648aecf485296149c0b05ed2d0f?pvs=21), CP-Launch-02 - What’s new at Hair Solutions Co. — a quick tour (https://app.notion.com/p/CP-Launch-02-What-s-new-at-Hair-Solutions-Co-a-quick-tour-332ff19d8d864d6e83c3f967244a4608?pvs=21), CP-W4-First-Order - Celebrate our launch — 10% off your first order (https://app.notion.com/p/CP-W4-First-Order-Celebrate-our-launch-10-off-your-first-order-48c9e7d822c14c4e83382da8537d414b?pvs=21), CP-W4-Social-Proof - Real results from real customers (https://app.notion.com/p/CP-W4-Social-Proof-Real-results-from-real-customers-7b116659f6474fc0bc231e556af9c426?pvs=21), J1-E1 - Welcome and Resource Delivery (https://app.notion.com/p/J1-E1-Welcome-and-Resource-Delivery-3514311ddd55813f80f4ee5c959b3ed2?pvs=21), J1-E4 - Social Proof Wall (https://app.notion.com/p/J1-E4-Social-Proof-Wall-3514311ddd5581aebcf8dbed447fcc60?pvs=21), J1-E5 - Consultation Invitation (https://app.notion.com/p/J1-E5-Consultation-Invitation-3514311ddd55817387cfd01d13d5dbfc?pvs=21), J1-E2 - Brand Story and Mission (https://app.notion.com/p/J1-E2-Brand-Story-and-Mission-3514311ddd5581ff9fd9e89760c8b676?pvs=21), J1-E3 - Educational — Understanding Base Types (https://app.notion.com/p/J1-E3-Educational-Understanding-Base-Types-3514311ddd5581d284e9fd0eb79de854?pvs=21), J2-E1 - Newsletter Welcome (https://app.notion.com/p/J2-E1-Newsletter-Welcome-3514311ddd558189a45bd236db4cb588?pvs=21), J2-E3 - Style Inspiration (https://app.notion.com/p/J2-E3-Style-Inspiration-3514311ddd55812a8869e5ce5d85b4f9?pvs=21), J2-E2 - How Hair Systems Work (https://app.notion.com/p/J2-E2-How-Hair-Systems-Work-3514311ddd558135b6a6c08018e11cc8?pvs=21), J2-E4 - Maintenance Tips — Seasonal (https://app.notion.com/p/J2-E4-Maintenance-Tips-Seasonal-3514311ddd5581b69396dd339a8159d2?pvs=21), J2-E5 - Soft Consultation Invite (https://app.notion.com/p/J2-E5-Soft-Consultation-Invite-3514311ddd55813cbf03e5060855dfba?pvs=21), J3-E1 - Order Confirmation — ""Artisan Commencement"" (https://app.notion.com/p/J3-E1-Order-Confirmation-Artisan-Commencement-3514311ddd5581979698ed8d51555441?pvs=21), J3-E2 - Preparation Guide (https://app.notion.com/p/J3-E2-Preparation-Guide-3514311ddd55812dacdbed14a20921ab?pvs=21), J3-E4 - Arrival Check-In (https://app.notion.com/p/J3-E4-Arrival-Check-In-3514311ddd5581a8a3c2e8fd46b7edb4?pvs=21), J3-E3 - Shipping Notification (https://app.notion.com/p/J3-E3-Shipping-Notification-3514311ddd5581f7a2a5f00b7dc767ef?pvs=21), J3-E5 - Maintenance Academy — Week 1 (Cleansing) (https://app.notion.com/p/J3-E5-Maintenance-Academy-Week-1-Cleansing-3514311ddd5581c4bd9ec6a164b95e89?pvs=21), J3-E6 - Maintenance Academy — Week 2 (Conditioning and Drying) (https://app.notion.com/p/J3-E6-Maintenance-Academy-Week-2-Conditioning-and-Drying-3514311ddd5581428934c5882f76b4c8?pvs=21), J3-E7 - Styling and Removal (https://app.notion.com/p/J3-E7-Styling-and-Removal-3514311ddd558134b18aedcd785ee2f3?pvs=21), J3-E8 - Review Request and Next Steps (https://app.notion.com/p/J3-E8-Review-Request-and-Next-Steps-3514311ddd55811ab4f3d8151015bf1a?pvs=21), J4-E1 - Mid-Cycle Care Check (https://app.notion.com/p/J4-E1-Mid-Cycle-Care-Check-3514311ddd55812cb4c8defbc2ed7282?pvs=21), J4-E2 - Replacement Nudge (https://app.notion.com/p/J4-E2-Replacement-Nudge-3514311ddd55818ba273c320c070db5b?pvs=21), J4-E3 - Loyalty Hook (https://app.notion.com/p/J4-E3-Loyalty-Hook-3514311ddd5581009250c8fb8dbbed70?pvs=21), J6-E1 - Loyalty Acknowledgment (https://app.notion.com/p/J6-E1-Loyalty-Acknowledgment-3514311ddd5581169875c0130a2f14b9?pvs=21), J5-E4 - VIP Maintenance Check-In (https://app.notion.com/p/J5-E4-VIP-Maintenance-Check-In-3514311ddd5581088b00c236607df880?pvs=21), J5-E2 - Artisan Update — New Technology (https://app.notion.com/p/J5-E2-Artisan-Update-New-Technology-3514311ddd55815f8ddecafa6efbe02d?pvs=21), J5-E3 - Birthday or Fitting Anniversary (https://app.notion.com/p/J5-E3-Birthday-or-Fitting-Anniversary-3514311ddd5581c6b290dc41d0f3b701?pvs=21), J5-E1 - Annual Recap (https://app.notion.com/p/J5-E1-Annual-Recap-3514311ddd558112b3c8c4ad50449591?pvs=21), J6-E2 - Math of Value (https://app.notion.com/p/J6-E2-Math-of-Value-3514311ddd5581cb9204d6e6aaa6545c?pvs=21), J6-E4 - VIP Offer (https://app.notion.com/p/J6-E4-VIP-Offer-3514311ddd558186bd8bcb9d8349c389?pvs=21), J6-E3 - Peace of Mind (https://app.notion.com/p/J6-E3-Peace-of-Mind-3514311ddd55818b9c74e0cd1e7ac794?pvs=21), J7-E1 - Human Note (https://app.notion.com/p/J7-E1-Human-Note-3514311ddd55810e8f66ea11972a359e?pvs=21), J7-E2 - What’s New (https://app.notion.com/p/J7-E2-What-s-New-3514311ddd55816cbbd9ca4ae4c48834?pvs=21), J7-E3 - Specific Offer (https://app.notion.com/p/J7-E3-Specific-Offer-3514311ddd5581ef9f9de3672d2e74ce?pvs=21), J7-E4 - Sunset Notice (https://app.notion.com/p/J7-E4-Sunset-Notice-3514311ddd5581e9ad0df5feaeb354e2?pvs=21), J8-E1 - 30-Day Success Snapshot (https://app.notion.com/p/J8-E1-30-Day-Success-Snapshot-3514311ddd5581fab02ce4a649cdb73a?pvs=21), J8-E2 - 14-Day Heads-Up (https://app.notion.com/p/J8-E2-14-Day-Heads-Up-3514311ddd5581d4a769c0a1cfe14c58?pvs=21), J8-E3 - 7-Day Urgency (https://app.notion.com/p/J8-E3-7-Day-Urgency-3514311ddd55816cb2d1ecdb197ced1f?pvs=21), J8-E4 - Final Confirmation (https://app.notion.com/p/J8-E4-Final-Confirmation-3514311ddd55817ca8e7fd48970bf7e1?pvs=21), SUPP-D1 - Payment Failed Immediate Notice (https://app.notion.com/p/SUPP-D1-Payment-Failed-Immediate-Notice-3514311ddd5581d3bbfbfdd120685d01?pvs=21), SUPP-D2 - Grace Period Reminder (https://app.notion.com/p/SUPP-D2-Grace-Period-Reminder-3514311ddd55815b9b6fd5d605df6321?pvs=21), CS-R-NLP - Consultation recap - no local partner (https://app.notion.com/p/CS-R-NLP-Consultation-recap-no-local-partner-3514311ddd5581ba8ffcf61c767922f5?pvs=21), CS-R-USD - Consultation recap - standard currency variant (https://app.notion.com/p/CS-R-USD-Consultation-recap-standard-currency-variant-3514311ddd5581a48ccbf22277cce14e?pvs=21), CS-R-GBP - Consultation recap - standard currency variant (https://app.notion.com/p/CS-R-GBP-Consultation-recap-standard-currency-variant-3514311ddd55815cb608c14701fa3d67?pvs=21), CS-R-CAD - Consultation recap - standard currency variant (https://app.notion.com/p/CS-R-CAD-Consultation-recap-standard-currency-variant-3514311ddd55817bbc62d76746d3727c?pvs=21), CS-R-EUR - Consultation recap - standard currency variant (https://app.notion.com/p/CS-R-EUR-Consultation-recap-standard-currency-variant-3514311ddd558127a2e4c649a38feedd?pvs=21), CS-F-D5 - Follow-up day 5 (https://app.notion.com/p/CS-F-D5-Follow-up-day-5-3514311ddd5581dea787f6fcf82ed3e7?pvs=21), CS-R-CSU - Consultation recap - current system user (https://app.notion.com/p/CS-R-CSU-Consultation-recap-current-system-user-3514311ddd55818f99c6c75c2200ab77?pvs=21), CS-R-FP - Consultation recap - front partial (https://app.notion.com/p/CS-R-FP-Consultation-recap-front-partial-3514311ddd55814ca993c223be5af087?pvs=21), CS-F-D10 - Follow-up day 10 (https://app.notion.com/p/CS-F-D10-Follow-up-day-10-3514311ddd558122b28cc689b5be8704?pvs=21), CS-F-D90 - Follow-up day 90 reengagement (https://app.notion.com/p/CS-F-D90-Follow-up-day-90-reengagement-3514311ddd558186a62fe0cde5794a4b?pvs=21), CS-F-D5U - Follow-up day 5 - current user (https://app.notion.com/p/CS-F-D5U-Follow-up-day-5-current-user-3514311ddd5581e1bcf6c2617b65f1aa?pvs=21), CS-F-FCL - Final close loop (https://app.notion.com/p/CS-F-FCL-Final-close-loop-3514311ddd5581a593aac5fd7b6e77b7?pvs=21), CS-F-D10U - Follow-up day 10 - current user (https://app.notion.com/p/CS-F-D10U-Follow-up-day-10-current-user-3514311ddd5581768759c291e2fac6df?pvs=21), CS-S-PDS - Products & services information - supporting (https://app.notion.com/p/CS-S-PDS-Products-services-information-supporting-3514311ddd5581539768e5a00eed2354?pvs=21), CS-S-FER - First enquiry reply - supporting (https://app.notion.com/p/CS-S-FER-First-enquiry-reply-supporting-3514311ddd55816ca5dfe661a3a568c6?pvs=21), CS-S-HME - Home maintenance extension - supporting (https://app.notion.com/p/CS-S-HME-Home-maintenance-extension-supporting-3514311ddd5581489caac94bed164795?pvs=21)",Planning concept should be fulfilled by active family/families: Standard.
Offer,Planning,Section block,Offer,Planning concept only,,,,,,,,"Lifecycle, Marketing, Sales","Use only when the offer is real, relevant, and consistent with premium restraint.","J4-E3, J5-E3, J6-E4, J7-E3, campaigns",,,,,,18.7–18.9 section blueprints,Canonical,"CP-W4-First-Order - Celebrate our launch — 10% off your first order (https://app.notion.com/p/CP-W4-First-Order-Celebrate-our-launch-10-off-your-first-order-48c9e7d822c14c4e83382da8537d414b?pvs=21), J4-E3 - Loyalty Hook (https://app.notion.com/p/J4-E3-Loyalty-Hook-3514311ddd5581009250c8fb8dbbed70?pvs=21), J5-E3 - Birthday or Fitting Anniversary (https://app.notion.com/p/J5-E3-Birthday-or-Fitting-Anniversary-3514311ddd5581c6b290dc41d0f3b701?pvs=21), J6-E4 - VIP Offer (https://app.notion.com/p/J6-E4-VIP-Offer-3514311ddd558186bd8bcb9d8349c389?pvs=21), J7-E3 - Specific Offer (https://app.notion.com/p/J7-E3-Specific-Offer-3514311ddd5581ef9f9de3672d2e74ce?pvs=21)",No current active module family. Keep only if useful for blueprint planning.
Urgency cue,Planning,Section block,Urgency cue,Planning concept only,,,,,,,,"Lifecycle, Marketing, Operational, Sales",Use only when the deadline or urgency is true and useful to the reader.,"J3-E4, J4-E2, J4-E3, J5-E3, J6-E4, J8, SUPP, campaigns",,,,,,18.3–18.9 section blueprints,Canonical,"CP-W4-First-Order - Celebrate our launch — 10% off your first order (https://app.notion.com/p/CP-W4-First-Order-Celebrate-our-launch-10-off-your-first-order-48c9e7d822c14c4e83382da8537d414b?pvs=21), J3-E4 - Arrival Check-In (https://app.notion.com/p/J3-E4-Arrival-Check-In-3514311ddd5581a8a3c2e8fd46b7edb4?pvs=21), J4-E2 - Replacement Nudge (https://app.notion.com/p/J4-E2-Replacement-Nudge-3514311ddd55818ba273c320c070db5b?pvs=21), J4-E3 - Loyalty Hook (https://app.notion.com/p/J4-E3-Loyalty-Hook-3514311ddd5581009250c8fb8dbbed70?pvs=21), J5-E2 - Artisan Update — New Technology (https://app.notion.com/p/J5-E2-Artisan-Update-New-Technology-3514311ddd55815f8ddecafa6efbe02d?pvs=21), J5-E3 - Birthday or Fitting Anniversary (https://app.notion.com/p/J5-E3-Birthday-or-Fitting-Anniversary-3514311ddd5581c6b290dc41d0f3b701?pvs=21), J6-E4 - VIP Offer (https://app.notion.com/p/J6-E4-VIP-Offer-3514311ddd558186bd8bcb9d8349c389?pvs=21), J7-E2 - What’s New (https://app.notion.com/p/J7-E2-What-s-New-3514311ddd55816cbbd9ca4ae4c48834?pvs=21), J7-E3 - Specific Offer (https://app.notion.com/p/J7-E3-Specific-Offer-3514311ddd5581ef9f9de3672d2e74ce?pvs=21), J8-E1 - 30-Day Success Snapshot (https://app.notion.com/p/J8-E1-30-Day-Success-Snapshot-3514311ddd5581fab02ce4a649cdb73a?pvs=21), J8-E2 - 14-Day Heads-Up (https://app.notion.com/p/J8-E2-14-Day-Heads-Up-3514311ddd5581d4a769c0a1cfe14c58?pvs=21), J8-E3 - 7-Day Urgency (https://app.notion.com/p/J8-E3-7-Day-Urgency-3514311ddd55816cb2d1ecdb197ced1f?pvs=21), J8-E4 - Final Confirmation (https://app.notion.com/p/J8-E4-Final-Confirmation-3514311ddd55817ca8e7fd48970bf7e1?pvs=21), SUPP-D1 - Payment Failed Immediate Notice (https://app.notion.com/p/SUPP-D1-Payment-Failed-Immediate-Notice-3514311ddd5581d3bbfbfdd120685d01?pvs=21), SUPP-D2 - Grace Period Reminder (https://app.notion.com/p/SUPP-D2-Grace-Period-Reminder-3514311ddd55815b9b6fd5d605df6321?pvs=21)",No current active module family. Keep only if useful for blueprint planning.
Customer snapshot,Planning,Programmable module,Customer snapshot,Mapped to active module family,,,,,,,,"Lifecycle, RevOps, Sales, Service",Use only when relationship or subscription data is accurate enough to display.,"J5-E1, J8-E1",,,,,,"18.7, 18.8 and 9.1 Module inventory",Canonical,"J5-E1 - Annual Recap (https://app.notion.com/p/J5-E1-Annual-Recap-3514311ddd558112b3c8c4ad50449591?pvs=21), J8-E1 - 30-Day Success Snapshot (https://app.notion.com/p/J8-E1-30-Day-Success-Snapshot-3514311ddd5581fab02ce4a649cdb73a?pvs=21)",Planning concept represented by active module family: CORE - Text - Customer snapshot.
Goal-based recommendation,Planning,Programmable module,Goal-based recommendation,Mapped to active module family,,,,,,,,"Lifecycle, Marketing, RevOps",Use when customer profile field exists; otherwise fall back to general education.,J1-E3 and goal-based intros,,,,,,18.3 and 9.1 Module inventory,Canonical,J1-E3 - Educational — Understanding Base Types (https://app.notion.com/p/J1-E3-Educational-Understanding-Base-Types-3514311ddd5581d284e9fd0eb79de854?pvs=21),Planning concept represented by active module family: CORE - Products - Goal-based recommendation.
Base type guidance,Planning,Programmable module,Base type guidance,Mapped to active module family,,,,,,,,"Lifecycle, Marketing, RevOps, Service","Use with context parameters like prep, removal_styling, reorder, whats_new, and artisan_update.","J1-E3, J3-E2, J3-E7, J4-E2, J5-E2, J7-E2",,,,,,"18.3, 18.5–18.9 and 9.1 Module inventory",Canonical,"CP-W3-Education - Lace vs. Poly — The ultimate guide to choosing your base (https://app.notion.com/p/CP-W3-Education-Lace-vs-Poly-The-ultimate-guide-to-choosing-your-base-b4464ab6d465412c8d5cb5f6d51a4356?pvs=21), J1-E3 - Educational — Understanding Base Types (https://app.notion.com/p/J1-E3-Educational-Understanding-Base-Types-3514311ddd5581d284e9fd0eb79de854?pvs=21), J3-E2 - Preparation Guide (https://app.notion.com/p/J3-E2-Preparation-Guide-3514311ddd55812dacdbed14a20921ab?pvs=21), J3-E7 - Styling and Removal (https://app.notion.com/p/J3-E7-Styling-and-Removal-3514311ddd558134b18aedcd785ee2f3?pvs=21), J4-E2 - Replacement Nudge (https://app.notion.com/p/J4-E2-Replacement-Nudge-3514311ddd55818ba273c320c070db5b?pvs=21), J5-E2 - Artisan Update — New Technology (https://app.notion.com/p/J5-E2-Artisan-Update-New-Technology-3514311ddd55815f8ddecafa6efbe02d?pvs=21), J7-E2 - What’s New (https://app.notion.com/p/J7-E2-What-s-New-3514311ddd55816cbbd9ca4ae4c48834?pvs=21)",Planning concept represented by active module family: CORE - Text - Base type guidance.
Lifespan next step,Planning,Programmable module,Lifespan next step,Mapped to active module family,,,,,,,,"Lifecycle, RevOps, Service",Use when base or lifespan fields support a truthful reorder or next-step recommendation.,J3-E8 and reorder CTAs,,,,,,18.5 and 9.1 Module inventory,Canonical,"J3-E8 - Review Request and Next Steps (https://app.notion.com/p/J3-E8-Review-Request-and-Next-Steps-3514311ddd55811ab4f3d8151015bf1a?pvs=21), J4-E2 - Replacement Nudge (https://app.notion.com/p/J4-E2-Replacement-Nudge-3514311ddd55818ba273c320c070db5b?pvs=21)",Planning concept represented by active module family: CORE - Text - Lifespan next step.
Opening,Planning,Structural section,Opening,Planning concept only,,,,,,,,"Lifecycle, Marketing, Sales, Service",Use as the first major email section before body content.,All section 18 blueprints,,,,,,18.2 Standard email skeleton,Canonical,,No current active module family. Keep only if useful for blueprint planning.
Body Section 1: Context / Education,Planning,Structural section,Body Section 1: Context / Education,Planning concept only,,,,,,,,"Lifecycle, Marketing, Sales, Service",Use after the opening to explain the main reason and teaching point.,All section 18 blueprints,,,,,,18.2 Standard email skeleton,Canonical,,No current active module family. Keep only if useful for blueprint planning.
Body Section 2: Offer / Action / Reassurance,Planning,Structural section,Body Section 2: Offer / Action / Reassurance,Planning concept only,,,,,,,,"Lifecycle, Marketing, Sales, Service",Use after education to make the next step feel clear and low-risk.,All section 18 blueprints,,,,,,18.2 Standard email skeleton,Canonical,,No current active module family. Keep only if useful for blueprint planning.
Body Section 3: Overcommunication,Planning,Structural section,Body Section 3: Overcommunication,Planning concept only,,,,,,,,"Lifecycle, Marketing, Operational, Sales, Service",Use to answer expected objections or confusion before the final CTA.,All section 18 blueprints,,,,,,18.2 Standard email skeleton,Canonical,,No current active module family. Keep only if useful for blueprint planning.
Body Section 4: Social Proof / Urgency,Planning,Structural section,Body Section 4: Social Proof / Urgency,Planning concept only,,,,,,,,"Lifecycle, Marketing, Operational, Sales",Use near the end when proof or real urgency helps the reader act confidently.,All section 18 blueprints,,,,,,18.2 Standard email skeleton,Canonical,,No current active module family. Keep only if useful for blueprint planning.
Closing,Planning,Structural section,Closing,Planning concept only,,,,,,,,"Lifecycle, Marketing, Sales, Service",Use before the footer to close with the right human or brand voice.,All section 18 blueprints,,,,,,18.2 Standard email skeleton,Canonical,,No current active module family. Keep only if useful for blueprint planning.
Launch - Founder Pillars,Email,module,Founder Pillars,Live,Launch Founder Pillars,email_modules/launch/launch_founder_pillars.module,,,,,,,,,,,,,,,Canonical active module (added 2026-07-05 -- previously undocumented),,Discovered live via CMS source-code metadata listing 2026-07-05; reusable generic Launch module (not tied to one numbered email) -- dark-mode variant or generic building block.
Launch - Product Grid3,Email,module,Product Grid3,Live,Launch Product Grid3,email_modules/launch/launch_product_grid3.module,,,,,,,,,,,,,,,Canonical active module (added 2026-07-05 -- previously undocumented),,Discovered live via CMS source-code metadata listing 2026-07-05; reusable generic Launch module (not tied to one numbered email) -- dark-mode variant or generic building block.
Launch - Offer (Email 2 of 5),Email,module,Offer,Live,Launch 02 03 Offer,email_modules/launch/launch-02-03-offer.module,,,,,,,,,,,,,,,Canonical active module (added 2026-07-05 -- previously undocumented),,Discovered live via CMS source-code metadata listing 2026-07-05; not present in prior export. Belongs to Launch Email 2 of 5 numbered set.
Launch - Founder Story (Email 1 of 5),Email,module,Founder Story,Live,Launch 01 06 Founder Story,email_modules/launch/launch-01-06-founder-story.module,,,,,,,,,,,,,,,Canonical active module (added 2026-07-05 -- previously undocumented),,Discovered live via CMS source-code metadata listing 2026-07-05; not present in prior export. Belongs to Launch Email 1 of 5 numbered set.
Launch - Final Cta (Email 1 of 5),Email,module,Final Cta,Live,Launch 01 08 Final Cta,email_modules/launch/launch-01-08-final-cta.module,,,,,,,,,,,,,,,Canonical active module (added 2026-07-05 -- previously undocumented),,Discovered live via CMS source-code metadata listing 2026-07-05; not present in prior export. Belongs to Launch Email 1 of 5 numbered set.
Launch - Products 3 (Email 5 of 5),Email,module,Products 3,Live,Launch 05 07 Products 3,email_modules/launch/launch-05-07-products-3.module,,,,,,,,,,,,,,,Canonical active module (added 2026-07-05 -- previously undocumented),,Discovered live via CMS source-code metadata listing 2026-07-05; not present in prior export. Belongs to Launch Email 5 of 5 numbered set.
Launch - Product Grid3 Dark,Email,module,Product Grid3 Dark,Live,Launch Product Grid3 Dark,email_modules/launch/launch_product_grid3_dark.module,,,,,,,,,,,,,,,Canonical active module (added 2026-07-05 -- previously undocumented),,Discovered live via CMS source-code metadata listing 2026-07-05; reusable generic Launch module (not tied to one numbered email) -- dark-mode variant or generic building block.
Launch - Header (Email 3 of 5),Email,module,Header,Live,Launch 03 01 Header,email_modules/launch/launch-03-01-header.module,,,,,,,,,,,,,,,Canonical active module (added 2026-07-05 -- previously undocumented),,Discovered live via CMS source-code metadata listing 2026-07-05; not present in prior export. Belongs to Launch Email 3 of 5 numbered set.
Launch - Header (Email 5 of 5),Email,module,Header,Live,Launch 05 01 Header,email_modules/launch/launch-05-01-header.module,,,,,,,,,,,,,,,Canonical active module (added 2026-07-05 -- previously undocumented),,Discovered live via CMS source-code metadata listing 2026-07-05; not present in prior export. Belongs to Launch Email 5 of 5 numbered set.
Launch - Five Changes (Email 3 of 5),Email,module,Five Changes,Live,Launch 03 04 Five Changes,email_modules/launch/launch-03-04-five-changes.module,,,,,,,,,,,,,,,Canonical active module (added 2026-07-05 -- previously undocumented),,Discovered live via CMS source-code metadata listing 2026-07-05; not present in prior export. Belongs to Launch Email 3 of 5 numbered set.
Launch - Products 3 (Email 2 of 5),Email,module,Products 3,Live,Launch 02 05 Products 3,email_modules/launch/launch-02-05-products-3.module,,,,,,,,,,,,,,,Canonical active module (added 2026-07-05 -- previously undocumented),,Discovered live via CMS source-code metadata listing 2026-07-05; not present in prior export. Belongs to Launch Email 2 of 5 numbered set.
Launch - Founder Note (Email 2 of 5),Email,module,Founder Note,Live,Launch 02 06 Founder Note,email_modules/launch/launch-02-06-founder-note.module,,,,,,,,,,,,,,,Canonical active module (added 2026-07-05 -- previously undocumented),,Discovered live via CMS source-code metadata listing 2026-07-05; not present in prior export. Belongs to Launch Email 2 of 5 numbered set.
Launch - Footer (Email 3 of 5),Email,module,Footer,Live,Launch 03 08 Footer,email_modules/launch/launch-03-08-footer.module,,,,,,,,,,,,,,,Canonical active module (added 2026-07-05 -- previously undocumented),,Discovered live via CMS source-code metadata listing 2026-07-05; not present in prior export. Belongs to Launch Email 3 of 5 numbered set.
Launch - Hero Image (Email 2 of 5),Email,module,Hero Image,Live,Launch 02 02 Hero Image,email_modules/launch/launch-02-02-hero-image.module,,,,,,,,,,,,,,,Canonical active module (added 2026-07-05 -- previously undocumented),,Discovered live via CMS source-code metadata listing 2026-07-05; not present in prior export. Belongs to Launch Email 2 of 5 numbered set.
Launch - Footer (Email 5 of 5),Email,module,Footer,Live,Launch 05 09 Footer,email_modules/launch/launch-05-09-footer.module,,,,,,,,,,,,,,,Canonical active module (added 2026-07-05 -- previously undocumented),,Discovered live via CMS source-code metadata listing 2026-07-05; not present in prior export. Belongs to Launch Email 5 of 5 numbered set.
Launch - Footer (Email 4 of 5),Email,module,Footer,Live,Launch 04 08 Footer,email_modules/launch/launch-04-08-footer.module,,,,,,,,,,,,,,,Canonical active module (added 2026-07-05 -- previously undocumented),,Discovered live via CMS source-code metadata listing 2026-07-05; not present in prior export. Belongs to Launch Email 4 of 5 numbered set.
Launch - Final Cta (Email 5 of 5),Email,module,Final Cta,Live,Launch 05 08 Final Cta,email_modules/launch/launch-05-08-final-cta.module,,,,,,,,,,,,,,,Canonical active module (added 2026-07-05 -- previously undocumented),,Discovered live via CMS source-code metadata listing 2026-07-05; not present in prior export. Belongs to Launch Email 5 of 5 numbered set.
Launch - Opening Text (Email 1 of 5),Email,module,Opening Text,Live,Launch 01 03 Opening Text,email_modules/launch/launch-01-03-opening-text.module,,,,,,,,,,,,,,,Canonical active module (added 2026-07-05 -- previously undocumented),,Discovered live via CMS source-code metadata listing 2026-07-05; not present in prior export. Belongs to Launch Email 1 of 5 numbered set.
Launch - Belief List (Email 4 of 5),Email,module,Belief List,Live,Launch 04 04 Belief List,email_modules/launch/launch-04-04-belief-list.module,,,,,,,,,,,,,,,Canonical active module (added 2026-07-05 -- previously undocumented),,Discovered live via CMS source-code metadata listing 2026-07-05; not present in prior export. Belongs to Launch Email 4 of 5 numbered set.
Launch - Header (Email 4 of 5),Email,module,Header,Live,Launch 04 01 Header,email_modules/launch/launch-04-01-header.module,,,,,,,,,,,,,,,Canonical active module (added 2026-07-05 -- previously undocumented),,Discovered live via CMS source-code metadata listing 2026-07-05; not present in prior export. Belongs to Launch Email 4 of 5 numbered set.
Launch - Hero Image (Email 3 of 5),Email,module,Hero Image,Live,Launch 03 02 Hero Image,email_modules/launch/launch-03-02-hero-image.module,,,,,,,,,,,,,,,Canonical active module (added 2026-07-05 -- previously undocumented),,Discovered live via CMS source-code metadata listing 2026-07-05; not present in prior export. Belongs to Launch Email 3 of 5 numbered set.
Launch - Offer (Email 3 of 5),Email,module,Offer,Live,Launch 03 03 Offer,email_modules/launch/launch-03-03-offer.module,,,,,,,,,,,,,,,Canonical active module (added 2026-07-05 -- previously undocumented),,Discovered live via CMS source-code metadata listing 2026-07-05; not present in prior export. Belongs to Launch Email 3 of 5 numbered set.
Launch - Products 3 (Email 1 of 5),Email,module,Products 3,Live,Launch 01 07 Products 3,email_modules/launch/launch-01-07-products-3.module,,,,,,,,,,,,,,,Canonical active module (added 2026-07-05 -- previously undocumented),,Discovered live via CMS source-code metadata listing 2026-07-05; not present in prior export. Belongs to Launch Email 1 of 5 numbered set.
Launch - Feature List 5,Email,module,Feature List 5,Live,Launch Feature List 5,email_modules/launch/launch_feature_list_5.module,,,,,,,,,,,,,,,Canonical active module (added 2026-07-05 -- previously undocumented),,Discovered live via CMS source-code metadata listing 2026-07-05; reusable generic Launch module (not tied to one numbered email) -- dark-mode variant or generic building block.
Launch - Header (Email 1 of 5),Email,module,Header,Live,Launch 01 01 Header,email_modules/launch/launch-01-01-header.module,,,,,,,,,,,,,,,Canonical active module (added 2026-07-05 -- previously undocumented),,Discovered live via CMS source-code metadata listing 2026-07-05; not present in prior export. Belongs to Launch Email 1 of 5 numbered set.
Launch - Question List,Email,module,Question List,Live,Launch Question List,email_modules/launch/launch_question_list.module,,,,,,,,,,,,,,,Canonical active module (added 2026-07-05 -- previously undocumented),,Discovered live via CMS source-code metadata listing 2026-07-05; reusable generic Launch module (not tied to one numbered email) -- dark-mode variant or generic building block.
Launch - Belief List Dark,Email,module,Belief List Dark,Live,Launch Belief List Dark,email_modules/launch/launch_belief_list_dark.module,,,,,,,,,,,,,,,Canonical active module (added 2026-07-05 -- previously undocumented),,Discovered live via CMS source-code metadata listing 2026-07-05; reusable generic Launch module (not tied to one numbered email) -- dark-mode variant or generic building block.
Launch - Wordmark Pair,Email,module,Wordmark Pair,Live,Launch Wordmark Pair,email_modules/launch/launch_wordmark_pair.module,,,,,,,,,,,,,,,Canonical active module (added 2026-07-05 -- previously undocumented),,Discovered live via CMS source-code metadata listing 2026-07-05; reusable generic Launch module (not tied to one numbered email) -- dark-mode variant or generic building block.
Launch - Question List (Email 5 of 5),Email,module,Question List,Live,Launch 05 03 Question List,email_modules/launch/launch-05-03-question-list.module,,,,,,,,,,,,,,,Canonical active module (added 2026-07-05 -- previously undocumented),,Discovered live via CMS source-code metadata listing 2026-07-05; not present in prior export. Belongs to Launch Email 5 of 5 numbered set.
Launch - Five Changes (Email 2 of 5),Email,module,Five Changes,Live,Launch 02 04 Five Changes,email_modules/launch/launch-02-04-five-changes.module,,,,,,,,,,,,,,,Canonical active module (added 2026-07-05 -- previously undocumented),,Discovered live via CMS source-code metadata listing 2026-07-05; not present in prior export. Belongs to Launch Email 2 of 5 numbered set.
Launch - Products 3 Dark (Email 3 of 5),Email,module,Products 3 Dark,Live,Launch 03 05 Products 3 Dark,email_modules/launch/launch-03-05-products-3-dark.module,,,,,,,,,,,,,,,Canonical active module (added 2026-07-05 -- previously undocumented),,Discovered live via CMS source-code metadata listing 2026-07-05; not present in prior export. Belongs to Launch Email 3 of 5 numbered set.
Launch - Products 3 (Email 4 of 5),Email,module,Products 3,Live,Launch 04 05 Products 3,email_modules/launch/launch-04-05-products-3.module,,,,,,,,,,,,,,,Canonical active module (added 2026-07-05 -- previously undocumented),,Discovered live via CMS source-code metadata listing 2026-07-05; not present in prior export. Belongs to Launch Email 4 of 5 numbered set.
Launch - Five Changes (Email 1 of 5),Email,module,Five Changes,Live,Launch 01 05 Five Changes,email_modules/launch/launch-01-05-five-changes.module,,,,,,,,,,,,,,,Canonical active module (added 2026-07-05 -- previously undocumented),,Discovered live via CMS source-code metadata listing 2026-07-05; not present in prior export. Belongs to Launch Email 1 of 5 numbered set.
Launch - Wordmark Pair Dark,Email,module,Wordmark Pair Dark,Live,Launch Wordmark Pair Dark,email_modules/launch/launch_wordmark_pair_dark.module,,,,,,,,,,,,,,,Canonical active module (added 2026-07-05 -- previously undocumented),,Discovered live via CMS source-code metadata listing 2026-07-05; reusable generic Launch module (not tied to one numbered email) -- dark-mode variant or generic building block.
Launch - Final Cta (Email 3 of 5),Email,module,Final Cta,Live,Launch 03 07 Final Cta,email_modules/launch/launch-03-07-final-cta.module,,,,,,,,,,,,,,,Canonical active module (added 2026-07-05 -- previously undocumented),,Discovered live via CMS source-code metadata listing 2026-07-05; not present in prior export. Belongs to Launch Email 3 of 5 numbered set.
Launch - Hero Image (Email 4 of 5),Email,module,Hero Image,Live,Launch 04 02 Hero Image,email_modules/launch/launch-04-02-hero-image.module,,,,,,,,,,,,,,,Canonical active module (added 2026-07-05 -- previously undocumented),,Discovered live via CMS source-code metadata listing 2026-07-05; not present in prior export. Belongs to Launch Email 4 of 5 numbered set.
Launch - Feature List 5 Dark,Email,module,Feature List 5 Dark,Live,Launch Feature List 5 Dark,email_modules/launch/launch_feature_list_5_dark.module,,,,,,,,,,,,,,,Canonical active module (added 2026-07-05 -- previously undocumented),,Discovered live via CMS source-code metadata listing 2026-07-05; reusable generic Launch module (not tied to one numbered email) -- dark-mode variant or generic building block.
Launch - Final Cta (Email 2 of 5),Email,module,Final Cta,Live,Launch 02 07 Final Cta,email_modules/launch/launch-02-07-final-cta.module,,,,,,,,,,,,,,,Canonical active module (added 2026-07-05 -- previously undocumented),,Discovered live via CMS source-code metadata listing 2026-07-05; not present in prior export. Belongs to Launch Email 2 of 5 numbered set.
Launch - Hero Image (Email 5 of 5),Email,module,Hero Image,Live,Launch 05 02 Hero Image,email_modules/launch/launch-05-02-hero-image.module,,,,,,,,,,,,,,,Canonical active module (added 2026-07-05 -- previously undocumented),,Discovered live via CMS source-code metadata listing 2026-07-05; not present in prior export. Belongs to Launch Email 5 of 5 numbered set.
Launch - Founder Pillars Dark,Email,module,Founder Pillars Dark,Live,Launch Founder Pillars Dark,email_modules/launch/launch_founder_pillars_dark.module,,,,,,,,,,,,,,,Canonical active module (added 2026-07-05 -- previously undocumented),,Discovered live via CMS source-code metadata listing 2026-07-05; reusable generic Launch module (not tied to one numbered email) -- dark-mode variant or generic building block.
Launch - Footer (Email 1 of 5),Email,module,Footer,Live,Launch 01 09 Footer,email_modules/launch/launch-01-09-footer.module,,,,,,,,,,,,,,,Canonical active module (added 2026-07-05 -- previously undocumented),,Discovered live via CMS source-code metadata listing 2026-07-05; not present in prior export. Belongs to Launch Email 1 of 5 numbered set.
Launch - Founder Pillars (Email 4 of 5),Email,module,Founder Pillars,Live,Launch 04 06 Founder Pillars,email_modules/launch/launch-04-06-founder-pillars.module,,,,,,,,,,,,,,,Canonical active module (added 2026-07-05 -- previously undocumented),,Discovered live via CMS source-code metadata listing 2026-07-05; not present in prior export. Belongs to Launch Email 4 of 5 numbered set.
Launch - Five Changes (Email 5 of 5),Email,module,Five Changes,Live,Launch 05 04 Five Changes,email_modules/launch/launch-05-04-five-changes.module,,,,,,,,,,,,,,,Canonical active module (added 2026-07-05 -- previously undocumented),,Discovered live via CMS source-code metadata listing 2026-07-05; not present in prior export. Belongs to Launch Email 5 of 5 numbered set.
Cart -- Abandoned cart line items,Email,module,Dynamic cart/product line items,"BUILT -- native HubSpot module, confirmed live 2026-07-05",Cart (native ecommerce module),module_id 153395890480 (no path string -- native/portal-registered),Products (native ecommerce module),module_id 38003752564 (no path string -- native/portal-registered),"Native HubSpot DnD editor module (Ecommerce section of module palette) -- not a custom Design Manager module, not editable via source-code API",,,,,,,"Per-contact cart/deal line-item data (product name, image, price, qty, cart URL)",,,Unstyled default HubSpot native rendering -- needs brand wrapper (header/hero/footer) to match Launch design standard,,"Confirmed correct 2026-07-05 -- corrects the 2026-07-05 earlier NOT BUILT entry, which was wrong","Abandoned Cart -- Current: Gentle Reminder (confirmed wired), Value Reinforcement, Urgency Incentive","CORRECTION 2026-07-05: earlier entry in this row incorrectly claimed no cart module exists. Vincent corrected this directly: a native, pre-coded 'Cart' drag-and-drop module exists in the HubSpot email editor's Ecommerce section, alongside a native 'Products' module. Confirmed via Chrome DevTools (editor sidebar shows Ecommerce > Products / Cart) and via live API pull of the Abandoned Cart Gentle Reminder email: module_id 153395890480 = Cart (dynamic, no static product list -- pulls from the actual cart/deal), module_id 38003752564 = Products (has a static products array, in this email referencing product id 42818029101). These are portal-registered native modules, referenced purely by numeric module_id with no path string, distinct from the custom email_modules/ Design Manager tree. Remaining work for Abandoned Cart is NOT building a cart module -- it already exists and is wired in -- it is wrapping the existing native Cart/Products modules in on-brand header/hero/footer to match the Launch design standard, and evaluating whether a redundant hardcoded rich_text CTA duplicating the Cart module's own button should be trimmed."
